code_dept,annee,trimestre,taux_chomage
01,2007,1,5.2
02,2007,1,10.7
03,2007,1,8.2
04,2007,1,9.0
05,2007,1,7.4
06,2007,1,7.9
07,2007,1,8.8
08,2007,1,10.9
09,2007,1,9.4
10,2007,1,8.7
11,2007,1,10.5
12,2007,1,5.2
13,2007,1,11.2
14,2007,1,8.4
15,2007,1,5.9
16,2007,1,8.2
17,2007,1,8.8
18,2007,1,7.7
19,2007,1,5.6
2A,2007,1,7.9
2B,2007,1,9.1
21,2007,1,6.8
22,2007,1,6.7
23,2007,1,7.2
24,2007,1,7.9
25,2007,1,7.9
26,2007,1,8.9
27,2007,1,8.1
28,2007,1,7.1
29,2007,1,7.4
30,2007,1,11.6
31,2007,1,8.8
32,2007,1,5.9
33,2007,1,8.4
34,2007,1,11.4
35,2007,1,6.3
36,2007,1,7.2
37,2007,1,7.0
38,2007,1,6.9
39,2007,1,6.1
40,2007,1,7.3
41,2007,1,7.0
42,2007,1,8.0
43,2007,1,6.8
44,2007,1,7.4
45,2007,1,6.8
46,2007,1,7.3
47,2007,1,8.4
48,2007,1,4.9
49,2007,1,7.3
50,2007,1,7.4
51,2007,1,7.7
52,2007,1,8.1
53,2007,1,5.2
54,2007,1,7.7
55,2007,1,8.7
56,2007,1,7.2
57,2007,1,8.3
58,2007,1,8.0
59,2007,1,11.2
60,2007,1,7.7
61,2007,1,7.6
62,2007,1,11.1
63,2007,1,7.4
64,2007,1,7.1
65,2007,1,8.9
66,2007,1,11.1
67,2007,1,6.9
68,2007,1,8.2
69,2007,1,7.6
70,2007,1,7.5
71,2007,1,7.3
72,2007,1,7.5
73,2007,1,6.1
74,2007,1,5.4
75,2007,1,8.2
76,2007,1,9.2
77,2007,1,6.4
78,2007,1,6.1
79,2007,1,5.9
80,2007,1,9.9
81,2007,1,9.2
82,2007,1,8.9
84,2007,1,10.1
85,2007,1,6.1
86,2007,1,7.2
87,2007,1,7.1
88,2007,1,9.1
89,2007,1,7.6
90,2007,1,9.9
91,2007,1,5.9
92,2007,1,7.1
93,2007,1,11.1
94,2007,1,7.7
95,2007,1,8.5
83,2007,1,9.5
ZA,2007,1,
ZB,2007,1,
ZC,2007,1,
ZD,2007,1,
01,2007,2,4.9
02,2007,2,10.2
03,2007,2,7.8
04,2007,2,8.8
05,2007,2,7.3
06,2007,2,7.5
07,2007,2,8.4
08,2007,2,10.4
09,2007,2,9.0
10,2007,2,8.2
11,2007,2,10.2
12,2007,2,5.0
13,2007,2,10.8
14,2007,2,7.9
15,2007,2,5.5
16,2007,2,7.9
17,2007,2,8.4
18,2007,2,7.4
19,2007,2,5.3
2A,2007,2,7.5
2B,2007,2,8.8
21,2007,2,6.5
22,2007,2,6.5
23,2007,2,7.0
24,2007,2,7.6
25,2007,2,7.4
26,2007,2,8.6
27,2007,2,7.6
28,2007,2,6.8
29,2007,2,7.1
30,2007,2,11.2
31,2007,2,8.4
32,2007,2,5.6
33,2007,2,8.0
34,2007,2,11.1
35,2007,2,6.1
36,2007,2,6.7
37,2007,2,6.7
38,2007,2,6.7
39,2007,2,5.8
40,2007,2,7.0
41,2007,2,6.6
42,2007,2,7.7
43,2007,2,6.6
44,2007,2,7.1
45,2007,2,6.5
46,2007,2,6.9
47,2007,2,7.9
48,2007,2,4.6
49,2007,2,7.0
50,2007,2,7.1
51,2007,2,7.2
52,2007,2,7.6
53,2007,2,4.8
54,2007,2,7.4
55,2007,2,8.3
56,2007,2,7.0
57,2007,2,7.9
58,2007,2,7.6
59,2007,2,10.7
60,2007,2,7.4
61,2007,2,7.2
62,2007,2,10.6
63,2007,2,7.1
64,2007,2,6.8
65,2007,2,8.3
66,2007,2,10.6
67,2007,2,6.6
68,2007,2,7.8
69,2007,2,7.3
70,2007,2,7.0
71,2007,2,7.0
72,2007,2,6.9
73,2007,2,6.0
74,2007,2,5.3
75,2007,2,7.9
76,2007,2,8.7
77,2007,2,6.0
78,2007,2,5.9
79,2007,2,5.6
80,2007,2,9.5
81,2007,2,8.8
82,2007,2,8.6
84,2007,2,9.8
85,2007,2,5.6
86,2007,2,6.8
87,2007,2,6.8
88,2007,2,8.6
89,2007,2,7.2
90,2007,2,9.3
91,2007,2,5.6
92,2007,2,6.8
93,2007,2,10.7
94,2007,2,7.5
95,2007,2,8.2
83,2007,2,9.1
ZA,2007,2,
ZB,2007,2,
ZC,2007,2,
ZD,2007,2,
01,2007,3,4.9
02,2007,3,10.1
03,2007,3,7.7
04,2007,3,8.6
05,2007,3,7.2
06,2007,3,7.3
07,2007,3,8.3
08,2007,3,10.3
09,2007,3,8.7
10,2007,3,8.1
11,2007,3,10.0
12,2007,3,5.0
13,2007,3,10.6
14,2007,3,7.6
15,2007,3,5.5
16,2007,3,7.9
17,2007,3,8.2
18,2007,3,7.3
19,2007,3,5.3
2A,2007,3,7.2
2B,2007,3,8.6
21,2007,3,6.4
22,2007,3,6.4
23,2007,3,7.0
24,2007,3,7.4
25,2007,3,7.2
26,2007,3,8.4
27,2007,3,7.5
28,2007,3,6.6
29,2007,3,7.0
30,2007,3,10.8
31,2007,3,8.1
32,2007,3,5.7
33,2007,3,7.8
34,2007,3,10.9
35,2007,3,5.8
36,2007,3,6.6
37,2007,3,6.5
38,2007,3,6.5
39,2007,3,5.8
40,2007,3,6.7
41,2007,3,6.7
42,2007,3,7.6
43,2007,3,6.5
44,2007,3,6.8
45,2007,3,6.4
46,2007,3,6.9
47,2007,3,7.7
48,2007,3,4.4
49,2007,3,6.8
50,2007,3,6.8
51,2007,3,7.2
52,2007,3,7.5
53,2007,3,4.8
54,2007,3,7.3
55,2007,3,8.2
56,2007,3,6.9
57,2007,3,7.8
58,2007,3,7.6
59,2007,3,10.7
60,2007,3,7.3
61,2007,3,7.0
62,2007,3,10.5
63,2007,3,7.0
64,2007,3,6.8
65,2007,3,8.2
66,2007,3,10.3
67,2007,3,6.5
68,2007,3,7.7
69,2007,3,7.0
70,2007,3,6.8
71,2007,3,6.8
72,2007,3,6.9
73,2007,3,5.9
74,2007,3,5.2
75,2007,3,7.8
76,2007,3,8.4
77,2007,3,5.9
78,2007,3,5.7
79,2007,3,5.6
80,2007,3,9.2
81,2007,3,8.5
82,2007,3,8.4
84,2007,3,9.5
85,2007,3,5.6
86,2007,3,6.7
87,2007,3,6.7
88,2007,3,8.5
89,2007,3,7.1
90,2007,3,8.8
91,2007,3,5.5
92,2007,3,6.5
93,2007,3,10.4
94,2007,3,7.2
95,2007,3,7.9
83,2007,3,8.9
ZA,2007,3,
ZB,2007,3,
ZC,2007,3,
ZD,2007,3,
01,2007,4,4.7
02,2007,4,9.7
03,2007,4,7.2
04,2007,4,8.3
05,2007,4,6.9
06,2007,4,6.8
07,2007,4,7.9
08,2007,4,9.7
09,2007,4,8.4
10,2007,4,7.8
11,2007,4,9.7
12,2007,4,4.8
13,2007,4,9.9
14,2007,4,7.1
15,2007,4,5.2
16,2007,4,7.6
17,2007,4,7.8
18,2007,4,6.9
19,2007,4,5.0
2A,2007,4,7.1
2B,2007,4,8.2
21,2007,4,6.1
22,2007,4,6.0
23,2007,4,6.6
24,2007,4,7.1
25,2007,4,6.8
26,2007,4,7.9
27,2007,4,7.0
28,2007,4,6.1
29,2007,4,6.6
30,2007,4,10.3
31,2007,4,7.6
32,2007,4,5.4
33,2007,4,7.4
34,2007,4,10.5
35,2007,4,5.5
36,2007,4,6.2
37,2007,4,6.2
38,2007,4,6.1
39,2007,4,5.6
40,2007,4,6.4
41,2007,4,6.4
42,2007,4,7.0
43,2007,4,6.0
44,2007,4,6.4
45,2007,4,6.1
46,2007,4,6.4
47,2007,4,7.2
48,2007,4,4.1
49,2007,4,6.3
50,2007,4,6.3
51,2007,4,6.9
52,2007,4,7.1
53,2007,4,4.4
54,2007,4,7.0
55,2007,4,7.7
56,2007,4,6.5
57,2007,4,7.5
58,2007,4,7.2
59,2007,4,10.1
60,2007,4,6.9
61,2007,4,6.6
62,2007,4,10.2
63,2007,4,6.6
64,2007,4,6.4
65,2007,4,8.0
66,2007,4,10.0
67,2007,4,6.1
68,2007,4,7.4
69,2007,4,6.6
70,2007,4,6.5
71,2007,4,6.5
72,2007,4,6.4
73,2007,4,5.7
74,2007,4,4.9
75,2007,4,7.1
76,2007,4,7.9
77,2007,4,5.5
78,2007,4,5.3
79,2007,4,5.2
80,2007,4,8.9
81,2007,4,8.1
82,2007,4,7.8
84,2007,4,9.0
85,2007,4,5.4
86,2007,4,6.2
87,2007,4,6.3
88,2007,4,8.0
89,2007,4,6.5
90,2007,4,8.3
91,2007,4,5.1
92,2007,4,5.9
93,2007,4,9.7
94,2007,4,6.6
95,2007,4,7.4
83,2007,4,8.6
ZA,2007,4,
ZB,2007,4,
ZC,2007,4,
ZD,2007,4,
01,2008,1,4.4
02,2008,1,9.3
03,2008,1,6.8
04,2008,1,7.9
05,2008,1,6.4
06,2008,1,6.5
07,2008,1,7.5
08,2008,1,9.4
09,2008,1,7.9
10,2008,1,7.5
11,2008,1,9.2
12,2008,1,4.6
13,2008,1,9.4
14,2008,1,6.7
15,2008,1,4.8
16,2008,1,7.3
17,2008,1,7.4
18,2008,1,6.5
19,2008,1,4.8
2A,2008,1,6.8
2B,2008,1,7.9
21,2008,1,5.6
22,2008,1,5.5
23,2008,1,6.3
24,2008,1,6.7
25,2008,1,6.6
26,2008,1,7.5
27,2008,1,6.7
28,2008,1,5.9
29,2008,1,6.3
30,2008,1,9.8
31,2008,1,7.2
32,2008,1,5.1
33,2008,1,7.0
34,2008,1,10.0
35,2008,1,5.1
36,2008,1,5.6
37,2008,1,5.9
38,2008,1,5.8
39,2008,1,5.2
40,2008,1,6.1
41,2008,1,6.0
42,2008,1,6.7
43,2008,1,5.7
44,2008,1,5.9
45,2008,1,5.7
46,2008,1,6.1
47,2008,1,6.9
48,2008,1,3.8
49,2008,1,5.9
50,2008,1,6.1
51,2008,1,6.5
52,2008,1,6.7
53,2008,1,4.4
54,2008,1,6.6
55,2008,1,7.4
56,2008,1,6.2
57,2008,1,6.9
58,2008,1,6.8
59,2008,1,9.6
60,2008,1,6.6
61,2008,1,6.4
62,2008,1,9.8
63,2008,1,6.2
64,2008,1,6.1
65,2008,1,7.7
66,2008,1,9.5
67,2008,1,5.8
68,2008,1,6.8
69,2008,1,6.2
70,2008,1,6.2
71,2008,1,6.1
72,2008,1,6.1
73,2008,1,5.2
74,2008,1,4.7
75,2008,1,6.8
76,2008,1,7.5
77,2008,1,5.3
78,2008,1,5.0
79,2008,1,5.0
80,2008,1,8.5
81,2008,1,7.8
82,2008,1,7.4
84,2008,1,8.5
85,2008,1,5.1
86,2008,1,6.0
87,2008,1,6.1
88,2008,1,7.7
89,2008,1,6.3
90,2008,1,7.6
91,2008,1,4.8
92,2008,1,5.6
93,2008,1,9.2
94,2008,1,6.3
95,2008,1,7.0
83,2008,1,8.1
ZA,2008,1,
ZB,2008,1,
ZC,2008,1,
ZD,2008,1,
01,2008,2,4.6
02,2008,2,9.6
03,2008,2,7.1
04,2008,2,8.1
05,2008,2,6.6
06,2008,2,6.5
07,2008,2,7.7
08,2008,2,9.6
09,2008,2,8.2
10,2008,2,7.6
11,2008,2,9.5
12,2008,2,4.8
13,2008,2,9.4
14,2008,2,6.7
15,2008,2,5.1
16,2008,2,7.4
17,2008,2,7.6
18,2008,2,6.7
19,2008,2,4.9
2A,2008,2,6.8
2B,2008,2,7.7
21,2008,2,5.7
22,2008,2,5.8
23,2008,2,6.7
24,2008,2,7.0
25,2008,2,6.6
26,2008,2,7.9
27,2008,2,6.9
28,2008,2,6.1
29,2008,2,6.4
30,2008,2,10.0
31,2008,2,7.4
32,2008,2,5.4
33,2008,2,7.1
34,2008,2,10.2
35,2008,2,5.1
36,2008,2,6.0
37,2008,2,6.1
38,2008,2,6.0
39,2008,2,5.5
40,2008,2,6.3
41,2008,2,6.1
42,2008,2,6.9
43,2008,2,5.9
44,2008,2,5.9
45,2008,2,5.9
46,2008,2,6.5
47,2008,2,7.3
48,2008,2,3.9
49,2008,2,6.1
50,2008,2,6.2
51,2008,2,6.6
52,2008,2,6.9
53,2008,2,4.5
54,2008,2,6.7
55,2008,2,7.6
56,2008,2,6.2
57,2008,2,7.1
58,2008,2,6.9
59,2008,2,9.7
60,2008,2,6.8
61,2008,2,6.6
62,2008,2,10.0
63,2008,2,6.5
64,2008,2,6.2
65,2008,2,7.6
66,2008,2,9.6
67,2008,2,6.1
68,2008,2,6.8
69,2008,2,6.3
70,2008,2,6.4
71,2008,2,6.3
72,2008,2,6.3
73,2008,2,5.4
74,2008,2,4.8
75,2008,2,6.8
76,2008,2,7.8
77,2008,2,5.3
78,2008,2,5.1
79,2008,2,5.2
80,2008,2,8.7
81,2008,2,8.1
82,2008,2,7.7
84,2008,2,8.7
85,2008,2,5.2
86,2008,2,6.2
87,2008,2,6.2
88,2008,2,8.0
89,2008,2,6.5
90,2008,2,7.6
91,2008,2,4.9
92,2008,2,5.7
93,2008,2,9.2
94,2008,2,6.2
95,2008,2,7.0
83,2008,2,8.1
ZA,2008,2,
ZB,2008,2,
ZC,2008,2,
ZD,2008,2,
01,2008,3,4.8
02,2008,3,9.9
03,2008,3,7.3
04,2008,3,8.1
05,2008,3,6.6
06,2008,3,6.5
07,2008,3,7.9
08,2008,3,9.7
09,2008,3,8.4
10,2008,3,7.9
11,2008,3,9.9
12,2008,3,5.0
13,2008,3,9.5
14,2008,3,7.0
15,2008,3,5.1
16,2008,3,7.5
17,2008,3,7.7
18,2008,3,6.8
19,2008,3,5.1
2A,2008,3,6.8
2B,2008,3,7.7
21,2008,3,5.9
22,2008,3,6.0
23,2008,3,6.7
24,2008,3,7.2
25,2008,3,6.8
26,2008,3,8.1
27,2008,3,6.9
28,2008,3,6.3
29,2008,3,6.4
30,2008,3,10.2
31,2008,3,7.5
32,2008,3,5.4
33,2008,3,7.3
34,2008,3,10.4
35,2008,3,5.2
36,2008,3,6.3
37,2008,3,6.2
38,2008,3,6.1
39,2008,3,5.8
40,2008,3,6.5
41,2008,3,6.2
42,2008,3,7.1
43,2008,3,6.1
44,2008,3,6.1
45,2008,3,6.1
46,2008,3,6.6
47,2008,3,7.6
48,2008,3,4.1
49,2008,3,6.3
50,2008,3,6.4
51,2008,3,6.9
52,2008,3,7.2
53,2008,3,4.6
54,2008,3,6.8
55,2008,3,7.6
56,2008,3,6.3
57,2008,3,7.3
58,2008,3,7.1
59,2008,3,10.0
60,2008,3,6.9
61,2008,3,7.0
62,2008,3,10.2
63,2008,3,6.7
64,2008,3,6.3
65,2008,3,7.7
66,2008,3,10.0
67,2008,3,6.1
68,2008,3,6.8
69,2008,3,6.5
70,2008,3,6.7
71,2008,3,6.6
72,2008,3,6.5
73,2008,3,5.5
74,2008,3,5.0
75,2008,3,6.8
76,2008,3,8.0
77,2008,3,5.4
78,2008,3,5.1
79,2008,3,5.3
80,2008,3,8.9
81,2008,3,8.3
82,2008,3,8.0
84,2008,3,8.9
85,2008,3,5.4
86,2008,3,6.4
87,2008,3,6.3
88,2008,3,8.2
89,2008,3,6.8
90,2008,3,7.8
91,2008,3,5.0
92,2008,3,5.7
93,2008,3,9.2
94,2008,3,6.3
95,2008,3,7.1
83,2008,3,8.2
ZA,2008,3,
ZB,2008,3,
ZC,2008,3,
ZD,2008,3,
01,2008,4,5.4
02,2008,4,10.3
03,2008,4,7.8
04,2008,4,8.6
05,2008,4,6.9
06,2008,4,6.9
07,2008,4,8.5
08,2008,4,10.3
09,2008,4,8.7
10,2008,4,8.0
11,2008,4,10.3
12,2008,4,5.3
13,2008,4,9.7
14,2008,4,7.7
15,2008,4,5.4
16,2008,4,7.9
17,2008,4,8.2
18,2008,4,7.1
19,2008,4,5.4
2A,2008,4,6.9
2B,2008,4,7.9
21,2008,4,6.2
22,2008,4,6.3
23,2008,4,7.0
24,2008,4,7.6
25,2008,4,7.3
26,2008,4,8.4
27,2008,4,7.3
28,2008,4,6.7
29,2008,4,6.8
30,2008,4,10.5
31,2008,4,7.8
32,2008,4,5.6
33,2008,4,7.6
34,2008,4,10.8
35,2008,4,5.7
36,2008,4,6.7
37,2008,4,6.6
38,2008,4,6.3
39,2008,4,6.4
40,2008,4,6.9
41,2008,4,6.8
42,2008,4,7.6
43,2008,4,6.5
44,2008,4,6.5
45,2008,4,6.5
46,2008,4,6.9
47,2008,4,7.9
48,2008,4,4.3
49,2008,4,6.9
50,2008,4,6.8
51,2008,4,7.3
52,2008,4,7.9
53,2008,4,5.3
54,2008,4,7.2
55,2008,4,7.8
56,2008,4,6.8
57,2008,4,7.8
58,2008,4,7.5
59,2008,4,10.6
60,2008,4,7.2
61,2008,4,7.7
62,2008,4,10.7
63,2008,4,7.1
64,2008,4,6.7
65,2008,4,7.9
66,2008,4,10.5
67,2008,4,6.4
68,2008,4,7.2
69,2008,4,6.8
70,2008,4,7.3
71,2008,4,7.0
72,2008,4,7.1
73,2008,4,5.9
74,2008,4,5.5
75,2008,4,6.8
76,2008,4,8.6
77,2008,4,5.7
78,2008,4,5.3
79,2008,4,5.7
80,2008,4,9.3
81,2008,4,8.6
82,2008,4,8.3
84,2008,4,9.2
85,2008,4,6.1
86,2008,4,6.9
87,2008,4,6.7
88,2008,4,8.6
89,2008,4,7.2
90,2008,4,8.3
91,2008,4,5.2
92,2008,4,5.8
93,2008,4,9.4
94,2008,4,6.3
95,2008,4,7.3
83,2008,4,8.6
ZA,2008,4,
ZB,2008,4,
ZC,2008,4,
ZD,2008,4,
01,2009,1,6.3
02,2009,1,11.3
03,2009,1,8.6
04,2009,1,9.2
05,2009,1,7.3
06,2009,1,7.7
07,2009,1,9.1
08,2009,1,11.6
09,2009,1,9.6
10,2009,1,8.7
11,2009,1,10.9
12,2009,1,5.9
13,2009,1,10.5
14,2009,1,8.5
15,2009,1,5.8
16,2009,1,8.7
17,2009,1,8.9
18,2009,1,7.8
19,2009,1,6.2
2A,2009,1,7.2
2B,2009,1,8.1
21,2009,1,6.9
22,2009,1,6.8
23,2009,1,7.5
24,2009,1,8.3
25,2009,1,8.7
26,2009,1,9.1
27,2009,1,8.5
28,2009,1,7.6
29,2009,1,7.3
30,2009,1,11.2
31,2009,1,8.4
32,2009,1,6.1
33,2009,1,8.1
34,2009,1,11.6
35,2009,1,6.5
36,2009,1,7.4
37,2009,1,7.3
38,2009,1,7.3
39,2009,1,7.4
40,2009,1,7.4
41,2009,1,7.6
42,2009,1,8.7
43,2009,1,7.1
44,2009,1,7.2
45,2009,1,7.3
46,2009,1,7.5
47,2009,1,8.5
48,2009,1,4.7
49,2009,1,7.7
50,2009,1,7.7
51,2009,1,8.1
52,2009,1,8.9
53,2009,1,6.0
54,2009,1,8.0
55,2009,1,8.8
56,2009,1,7.5
57,2009,1,9.0
58,2009,1,8.4
59,2009,1,11.6
60,2009,1,8.3
61,2009,1,8.6
62,2009,1,11.6
63,2009,1,7.8
64,2009,1,7.3
65,2009,1,9.3
66,2009,1,11.3
67,2009,1,7.4
68,2009,1,8.2
69,2009,1,7.6
70,2009,1,8.3
71,2009,1,7.9
72,2009,1,8.1
73,2009,1,6.7
74,2009,1,6.6
75,2009,1,7.3
76,2009,1,9.5
77,2009,1,6.3
78,2009,1,5.8
79,2009,1,6.4
80,2009,1,10.2
81,2009,1,9.2
82,2009,1,8.9
84,2009,1,10.0
85,2009,1,7.0
86,2009,1,7.6
87,2009,1,7.5
88,2009,1,9.8
89,2009,1,8.4
90,2009,1,9.6
91,2009,1,5.8
92,2009,1,6.3
93,2009,1,9.9
94,2009,1,6.8
95,2009,1,8.0
83,2009,1,9.3
ZA,2009,1,
ZB,2009,1,
ZC,2009,1,
ZD,2009,1,
01,2009,2,7.0
02,2009,2,12.2
03,2009,2,9.1
04,2009,2,9.6
05,2009,2,7.6
06,2009,2,8.3
07,2009,2,9.5
08,2009,2,12.3
09,2009,2,10.2
10,2009,2,9.2
11,2009,2,11.5
12,2009,2,6.2
13,2009,2,11.0
14,2009,2,9.0
15,2009,2,6.1
16,2009,2,9.3
17,2009,2,9.5
18,2009,2,8.5
19,2009,2,6.7
2A,2009,2,7.5
2B,2009,2,8.4
21,2009,2,7.4
22,2009,2,7.3
23,2009,2,7.9
24,2009,2,8.7
25,2009,2,9.5
26,2009,2,9.5
27,2009,2,9.2
28,2009,2,8.3
29,2009,2,7.8
30,2009,2,11.8
31,2009,2,9.0
32,2009,2,6.5
33,2009,2,8.6
34,2009,2,12.2
35,2009,2,7.2
36,2009,2,7.9
37,2009,2,7.8
38,2009,2,8.1
39,2009,2,8.0
40,2009,2,7.9
41,2009,2,8.2
42,2009,2,9.4
43,2009,2,7.4
44,2009,2,7.9
45,2009,2,8.1
46,2009,2,8.1
47,2009,2,8.9
48,2009,2,4.9
49,2009,2,8.4
50,2009,2,8.1
51,2009,2,8.6
52,2009,2,9.7
53,2009,2,6.6
54,2009,2,8.7
55,2009,2,9.5
56,2009,2,8.2
57,2009,2,9.8
58,2009,2,9.0
59,2009,2,12.3
60,2009,2,9.2
61,2009,2,9.2
62,2009,2,12.3
63,2009,2,8.3
64,2009,2,7.7
65,2009,2,9.7
66,2009,2,11.8
67,2009,2,8.1
68,2009,2,9.0
69,2009,2,8.4
70,2009,2,9.0
71,2009,2,8.5
72,2009,2,8.8
73,2009,2,7.4
74,2009,2,7.5
75,2009,2,7.9
76,2009,2,10.1
77,2009,2,6.8
78,2009,2,6.3
79,2009,2,6.9
80,2009,2,11.0
81,2009,2,9.7
82,2009,2,9.2
84,2009,2,10.5
85,2009,2,7.7
86,2009,2,8.1
87,2009,2,8.1
88,2009,2,10.4
89,2009,2,8.8
90,2009,2,10.3
91,2009,2,6.2
92,2009,2,6.9
93,2009,2,10.6
94,2009,2,7.4
95,2009,2,8.7
83,2009,2,9.8
ZA,2009,2,
ZB,2009,2,
ZC,2009,2,
ZD,2009,2,
01,2009,3,6.9
02,2009,3,12.3
03,2009,3,9.0
04,2009,3,9.6
05,2009,3,7.5
06,2009,3,8.4
07,2009,3,9.0
08,2009,3,11.7
09,2009,3,10.2
10,2009,3,9.2
11,2009,3,11.5
12,2009,3,6.2
13,2009,3,11.1
14,2009,3,8.7
15,2009,3,6.0
16,2009,3,9.2
17,2009,3,9.6
18,2009,3,8.6
19,2009,3,6.6
2A,2009,3,7.8
2B,2009,3,8.5
21,2009,3,7.4
22,2009,3,7.4
23,2009,3,8.0
24,2009,3,8.9
25,2009,3,9.4
26,2009,3,9.4
27,2009,3,9.2
28,2009,3,8.2
29,2009,3,7.8
30,2009,3,11.9
31,2009,3,9.0
32,2009,3,6.6
33,2009,3,8.7
34,2009,3,12.2
35,2009,3,7.0
36,2009,3,7.8
37,2009,3,7.7
38,2009,3,8.0
39,2009,3,7.9
40,2009,3,8.0
41,2009,3,8.0
42,2009,3,9.2
43,2009,3,7.3
44,2009,3,8.0
45,2009,3,8.0
46,2009,3,8.1
47,2009,3,8.9
48,2009,3,5.0
49,2009,3,8.2
50,2009,3,7.8
51,2009,3,8.5
52,2009,3,9.3
53,2009,3,6.2
54,2009,3,8.8
55,2009,3,9.6
56,2009,3,8.0
57,2009,3,9.7
58,2009,3,8.9
59,2009,3,12.1
60,2009,3,9.1
61,2009,3,8.8
62,2009,3,12.0
63,2009,3,8.2
64,2009,3,7.8
65,2009,3,9.9
66,2009,3,12.0
67,2009,3,8.1
68,2009,3,8.8
69,2009,3,8.3
70,2009,3,8.8
71,2009,3,8.5
72,2009,3,8.8
73,2009,3,7.5
74,2009,3,7.5
75,2009,3,8.1
76,2009,3,10.1
77,2009,3,6.9
78,2009,3,6.4
79,2009,3,6.9
80,2009,3,11.0
81,2009,3,9.7
82,2009,3,9.2
84,2009,3,10.5
85,2009,3,7.7
86,2009,3,8.0
87,2009,3,8.3
88,2009,3,10.1
89,2009,3,8.7
90,2009,3,10.2
91,2009,3,6.4
92,2009,3,7.0
93,2009,3,10.8
94,2009,3,7.6
95,2009,3,8.8
83,2009,3,9.8
ZA,2009,3,
ZB,2009,3,
ZC,2009,3,
ZD,2009,3,
01,2009,4,7.3
02,2009,4,12.7
03,2009,4,9.5
04,2009,4,9.9
05,2009,4,7.8
06,2009,4,8.7
07,2009,4,9.8
08,2009,4,11.6
09,2009,4,10.6
10,2009,4,9.5
11,2009,4,12.0
12,2009,4,6.5
13,2009,4,11.6
14,2009,4,9.1
15,2009,4,6.1
16,2009,4,9.5
17,2009,4,10.0
18,2009,4,9.0
19,2009,4,6.6
2A,2009,4,8.2
2B,2009,4,8.8
21,2009,4,7.9
22,2009,4,7.7
23,2009,4,8.2
24,2009,4,9.1
25,2009,4,9.7
26,2009,4,10.1
27,2009,4,9.5
28,2009,4,8.6
29,2009,4,8.3
30,2009,4,12.3
31,2009,4,9.3
32,2009,4,6.9
33,2009,4,9.1
34,2009,4,12.8
35,2009,4,7.3
36,2009,4,8.4
37,2009,4,8.2
38,2009,4,8.3
39,2009,4,8.2
40,2009,4,8.1
41,2009,4,8.4
42,2009,4,9.5
43,2009,4,7.5
44,2009,4,8.5
45,2009,4,8.6
46,2009,4,8.4
47,2009,4,9.3
48,2009,4,5.0
49,2009,4,8.5
50,2009,4,8.1
51,2009,4,8.7
52,2009,4,9.3
53,2009,4,6.5
54,2009,4,9.2
55,2009,4,9.9
56,2009,4,8.3
57,2009,4,10.1
58,2009,4,9.3
59,2009,4,12.7
60,2009,4,9.4
61,2009,4,9.1
62,2009,4,12.4
63,2009,4,8.6
64,2009,4,8.0
65,2009,4,10.2
66,2009,4,12.4
67,2009,4,8.5
68,2009,4,9.2
69,2009,4,8.8
70,2009,4,9.1
71,2009,4,8.9
72,2009,4,9.0
73,2009,4,7.8
74,2009,4,7.7
75,2009,4,8.4
76,2009,4,10.5
77,2009,4,7.3
78,2009,4,6.8
79,2009,4,7.2
80,2009,4,11.4
81,2009,4,9.8
82,2009,4,9.7
84,2009,4,11.2
85,2009,4,7.9
86,2009,4,8.3
87,2009,4,8.6
88,2009,4,10.3
89,2009,4,8.9
90,2009,4,10.7
91,2009,4,6.8
92,2009,4,7.4
93,2009,4,11.3
94,2009,4,8.0
95,2009,4,9.3
83,2009,4,10.1
ZA,2009,4,
ZB,2009,4,
ZC,2009,4,
ZD,2009,4,
01,2010,1,7.0
02,2010,1,12.5
03,2010,1,9.2
04,2010,1,9.7
05,2010,1,7.5
06,2010,1,8.5
07,2010,1,9.4
08,2010,1,11.2
09,2010,1,10.2
10,2010,1,9.2
11,2010,1,11.8
12,2010,1,6.3
13,2010,1,11.3
14,2010,1,8.9
15,2010,1,5.7
16,2010,1,9.1
17,2010,1,9.7
18,2010,1,9.0
19,2010,1,6.5
2A,2010,1,8.0
2B,2010,1,8.7
21,2010,1,7.7
22,2010,1,7.6
23,2010,1,8.2
24,2010,1,8.9
25,2010,1,9.5
26,2010,1,9.7
27,2010,1,9.3
28,2010,1,8.5
29,2010,1,8.1
30,2010,1,12.0
31,2010,1,9.2
32,2010,1,6.7
33,2010,1,8.9
34,2010,1,12.4
35,2010,1,7.2
36,2010,1,8.3
37,2010,1,8.0
38,2010,1,8.0
39,2010,1,7.8
40,2010,1,7.9
41,2010,1,8.1
42,2010,1,9.3
43,2010,1,7.2
44,2010,1,8.2
45,2010,1,8.4
46,2010,1,8.3
47,2010,1,9.3
48,2010,1,4.8
49,2010,1,8.2
50,2010,1,7.9
51,2010,1,8.5
52,2010,1,8.9
53,2010,1,6.4
54,2010,1,8.9
55,2010,1,9.7
56,2010,1,8.2
57,2010,1,9.8
58,2010,1,9.1
59,2010,1,12.4
60,2010,1,9.2
61,2010,1,8.7
62,2010,1,12.0
63,2010,1,8.5
64,2010,1,7.8
65,2010,1,10.1
66,2010,1,12.2
67,2010,1,8.4
68,2010,1,9.0
69,2010,1,8.5
70,2010,1,8.8
71,2010,1,8.7
72,2010,1,8.8
73,2010,1,7.8
74,2010,1,7.6
75,2010,1,8.2
76,2010,1,10.2
77,2010,1,7.1
78,2010,1,6.6
79,2010,1,7.0
80,2010,1,11.0
81,2010,1,9.7
82,2010,1,9.6
84,2010,1,10.9
85,2010,1,7.6
86,2010,1,8.1
87,2010,1,8.4
88,2010,1,10.1
89,2010,1,8.8
90,2010,1,10.6
91,2010,1,6.6
92,2010,1,7.2
93,2010,1,11.1
94,2010,1,7.8
95,2010,1,9.0
83,2010,1,9.8
ZA,2010,1,
ZB,2010,1,
ZC,2010,1,
ZD,2010,1,
01,2010,2,6.9
02,2010,2,12.5
03,2010,2,9.1
04,2010,2,9.6
05,2010,2,7.5
06,2010,2,8.4
07,2010,2,9.3
08,2010,2,11.0
09,2010,2,10.3
10,2010,2,9.2
11,2010,2,12.0
12,2010,2,6.4
13,2010,2,11.3
14,2010,2,9.0
15,2010,2,5.6
16,2010,2,9.0
17,2010,2,9.6
18,2010,2,9.0
19,2010,2,6.4
2A,2010,2,8.1
2B,2010,2,8.8
21,2010,2,7.7
22,2010,2,7.6
23,2010,2,8.3
24,2010,2,9.0
25,2010,2,9.3
26,2010,2,9.6
27,2010,2,9.3
28,2010,2,8.5
29,2010,2,8.0
30,2010,2,11.8
31,2010,2,9.2
32,2010,2,6.8
33,2010,2,9.0
34,2010,2,12.3
35,2010,2,7.1
36,2010,2,8.3
37,2010,2,8.0
38,2010,2,7.8
39,2010,2,7.6
40,2010,2,7.9
41,2010,2,8.0
42,2010,2,9.1
43,2010,2,7.1
44,2010,2,8.1
45,2010,2,8.4
46,2010,2,8.1
47,2010,2,9.3
48,2010,2,4.9
49,2010,2,8.1
50,2010,2,7.8
51,2010,2,8.4
52,2010,2,8.8
53,2010,2,6.3
54,2010,2,8.9
55,2010,2,9.6
56,2010,2,8.1
57,2010,2,9.7
58,2010,2,9.2
59,2010,2,12.5
60,2010,2,9.3
61,2010,2,8.7
62,2010,2,12.1
63,2010,2,8.3
64,2010,2,7.7
65,2010,2,9.9
66,2010,2,12.2
67,2010,2,8.2
68,2010,2,8.8
69,2010,2,8.4
70,2010,2,8.6
71,2010,2,8.6
72,2010,2,8.7
73,2010,2,7.6
74,2010,2,7.5
75,2010,2,8.0
76,2010,2,10.3
77,2010,2,7.0
78,2010,2,6.5
79,2010,2,7.0
80,2010,2,10.9
81,2010,2,9.8
82,2010,2,9.6
84,2010,2,10.8
85,2010,2,7.5
86,2010,2,8.0
87,2010,2,8.4
88,2010,2,10.0
89,2010,2,8.8
90,2010,2,10.4
91,2010,2,6.6
92,2010,2,7.1
93,2010,2,11.1
94,2010,2,7.7
95,2010,2,9.0
83,2010,2,9.7
ZA,2010,2,
ZB,2010,2,
ZC,2010,2,
ZD,2010,2,
01,2010,3,6.6
02,2010,3,12.5
03,2010,3,9.2
04,2010,3,9.6
05,2010,3,7.8
06,2010,3,8.4
07,2010,3,9.2
08,2010,3,10.7
09,2010,3,10.4
10,2010,3,9.3
11,2010,3,12.0
12,2010,3,6.3
13,2010,3,11.4
14,2010,3,8.8
15,2010,3,5.5
16,2010,3,9.0
17,2010,3,9.5
18,2010,3,9.0
19,2010,3,6.4
2A,2010,3,8.1
2B,2010,3,8.8
21,2010,3,7.5
22,2010,3,7.5
23,2010,3,8.5
24,2010,3,9.1
25,2010,3,9.1
26,2010,3,9.5
27,2010,3,9.2
28,2010,3,8.4
29,2010,3,7.9
30,2010,3,11.7
31,2010,3,9.2
32,2010,3,6.7
33,2010,3,9.0
34,2010,3,12.3
35,2010,3,7.0
36,2010,3,7.9
37,2010,3,7.9
38,2010,3,7.8
39,2010,3,7.3
40,2010,3,8.0
41,2010,3,7.9
42,2010,3,8.9
43,2010,3,7.0
44,2010,3,8.0
45,2010,3,8.4
46,2010,3,8.1
47,2010,3,9.3
48,2010,3,5.0
49,2010,3,8.1
50,2010,3,7.7
51,2010,3,8.4
52,2010,3,8.6
53,2010,3,6.1
54,2010,3,9.0
55,2010,3,9.6
56,2010,3,7.9
57,2010,3,9.6
58,2010,3,9.0
59,2010,3,12.5
60,2010,3,9.3
61,2010,3,8.5
62,2010,3,12.1
63,2010,3,8.2
64,2010,3,7.7
65,2010,3,9.9
66,2010,3,11.9
67,2010,3,8.0
68,2010,3,8.9
69,2010,3,8.3
70,2010,3,8.3
71,2010,3,8.5
72,2010,3,8.6
73,2010,3,7.4
74,2010,3,7.1
75,2010,3,8.0
76,2010,3,10.2
77,2010,3,7.0
78,2010,3,6.6
79,2010,3,6.9
80,2010,3,10.9
81,2010,3,9.7
82,2010,3,9.7
84,2010,3,10.8
85,2010,3,7.4
86,2010,3,8.0
87,2010,3,8.4
88,2010,3,9.9
89,2010,3,8.8
90,2010,3,10.1
91,2010,3,6.6
92,2010,3,7.0
93,2010,3,11.1
94,2010,3,7.7
95,2010,3,9.0
83,2010,3,9.7
ZA,2010,3,
ZB,2010,3,
ZC,2010,3,
ZD,2010,3,
01,2010,4,6.5
02,2010,4,12.5
03,2010,4,9.1
04,2010,4,9.6
05,2010,4,7.8
06,2010,4,8.5
07,2010,4,9.2
08,2010,4,10.5
09,2010,4,10.3
10,2010,4,9.4
11,2010,4,12.1
12,2010,4,6.3
13,2010,4,11.5
14,2010,4,8.8
15,2010,4,5.5
16,2010,4,9.0
17,2010,4,9.5
18,2010,4,8.9
19,2010,4,6.3
2A,2010,4,8.2
2B,2010,4,9.0
21,2010,4,7.5
22,2010,4,7.6
23,2010,4,8.7
24,2010,4,9.1
25,2010,4,8.7
26,2010,4,9.5
27,2010,4,9.2
28,2010,4,8.4
29,2010,4,7.8
30,2010,4,11.7
31,2010,4,9.2
32,2010,4,6.8
33,2010,4,9.0
34,2010,4,12.3
35,2010,4,7.0
36,2010,4,7.9
37,2010,4,7.8
38,2010,4,7.7
39,2010,4,7.0
40,2010,4,8.1
41,2010,4,7.8
42,2010,4,8.9
43,2010,4,7.0
44,2010,4,7.9
45,2010,4,8.4
46,2010,4,8.2
47,2010,4,9.1
48,2010,4,5.0
49,2010,4,7.9
50,2010,4,7.7
51,2010,4,8.3
52,2010,4,8.5
53,2010,4,5.9
54,2010,4,9.0
55,2010,4,9.5
56,2010,4,8.0
57,2010,4,9.6
58,2010,4,9.0
59,2010,4,12.4
60,2010,4,9.1
61,2010,4,8.6
62,2010,4,12.0
63,2010,4,8.1
64,2010,4,7.7
65,2010,4,9.6
66,2010,4,12.0
67,2010,4,7.9
68,2010,4,8.8
69,2010,4,8.3
70,2010,4,8.2
71,2010,4,8.5
72,2010,4,8.5
73,2010,4,7.4
74,2010,4,6.9
75,2010,4,8.1
76,2010,4,10.2
77,2010,4,7.0
78,2010,4,6.6
79,2010,4,6.8
80,2010,4,10.7
81,2010,4,9.8
82,2010,4,9.6
84,2010,4,10.9
85,2010,4,7.2
86,2010,4,8.0
87,2010,4,8.4
88,2010,4,9.8
89,2010,4,8.6
90,2010,4,9.8
91,2010,4,6.6
92,2010,4,7.1
93,2010,4,11.2
94,2010,4,7.8
95,2010,4,9.1
83,2010,4,9.8
ZA,2010,4,
ZB,2010,4,
ZC,2010,4,
ZD,2010,4,
01,2011,1,6.3
02,2011,1,12.5
03,2011,1,9.1
04,2011,1,9.6
05,2011,1,7.9
06,2011,1,8.5
07,2011,1,9.1
08,2011,1,10.4
09,2011,1,10.2
10,2011,1,9.5
11,2011,1,12.1
12,2011,1,6.2
13,2011,1,11.5
14,2011,1,8.8
15,2011,1,5.6
16,2011,1,9.0
17,2011,1,9.4
18,2011,1,8.9
19,2011,1,6.5
2A,2011,1,8.3
2B,2011,1,9.0
21,2011,1,7.4
22,2011,1,7.5
23,2011,1,8.8
24,2011,1,9.2
25,2011,1,8.5
26,2011,1,9.5
27,2011,1,9.1
28,2011,1,8.3
29,2011,1,7.8
30,2011,1,11.7
31,2011,1,9.1
32,2011,1,6.8
33,2011,1,9.0
34,2011,1,12.3
35,2011,1,6.8
36,2011,1,7.9
37,2011,1,7.7
38,2011,1,7.6
39,2011,1,6.8
40,2011,1,8.0
41,2011,1,7.7
42,2011,1,8.9
43,2011,1,7.0
44,2011,1,7.7
45,2011,1,8.3
46,2011,1,8.3
47,2011,1,9.1
48,2011,1,5.2
49,2011,1,7.8
50,2011,1,7.8
51,2011,1,8.3
52,2011,1,8.4
53,2011,1,5.8
54,2011,1,8.9
55,2011,1,9.4
56,2011,1,7.8
57,2011,1,9.4
58,2011,1,9.0
59,2011,1,12.2
60,2011,1,9.1
61,2011,1,8.5
62,2011,1,11.9
63,2011,1,8.0
64,2011,1,7.6
65,2011,1,10.0
66,2011,1,12.3
67,2011,1,7.8
68,2011,1,8.6
69,2011,1,8.2
70,2011,1,8.1
71,2011,1,8.3
72,2011,1,8.4
73,2011,1,7.3
74,2011,1,6.7
75,2011,1,7.9
76,2011,1,10.0
77,2011,1,7.0
78,2011,1,6.5
79,2011,1,6.6
80,2011,1,10.7
81,2011,1,9.9
82,2011,1,9.6
84,2011,1,11.0
85,2011,1,7.0
86,2011,1,7.9
87,2011,1,8.5
88,2011,1,9.8
89,2011,1,8.7
90,2011,1,9.4
91,2011,1,6.4
92,2011,1,7.0
93,2011,1,11.2
94,2011,1,7.8
95,2011,1,8.9
83,2011,1,9.9
ZA,2011,1,
ZB,2011,1,
ZC,2011,1,
ZD,2011,1,
01,2011,2,6.2
02,2011,2,12.5
03,2011,2,9.0
04,2011,2,9.7
05,2011,2,7.8
06,2011,2,8.4
07,2011,2,9.0
08,2011,2,10.5
09,2011,2,10.2
10,2011,2,9.5
11,2011,2,12.0
12,2011,2,6.1
13,2011,2,11.4
14,2011,2,8.7
15,2011,2,5.6
16,2011,2,9.0
17,2011,2,9.2
18,2011,2,8.9
19,2011,2,6.5
2A,2011,2,8.2
2B,2011,2,8.9
21,2011,2,7.3
22,2011,2,7.5
23,2011,2,8.8
24,2011,2,9.2
25,2011,2,8.3
26,2011,2,9.3
27,2011,2,9.1
28,2011,2,8.3
29,2011,2,7.7
30,2011,2,11.7
31,2011,2,9.0
32,2011,2,6.8
33,2011,2,8.9
34,2011,2,12.4
35,2011,2,6.7
36,2011,2,7.8
37,2011,2,7.6
38,2011,2,7.5
39,2011,2,6.6
40,2011,2,8.0
41,2011,2,7.5
42,2011,2,8.8
43,2011,2,7.0
44,2011,2,7.5
45,2011,2,8.2
46,2011,2,8.4
47,2011,2,8.9
48,2011,2,5.1
49,2011,2,7.8
50,2011,2,7.7
51,2011,2,8.3
52,2011,2,8.3
53,2011,2,5.6
54,2011,2,8.7
55,2011,2,9.2
56,2011,2,7.7
57,2011,2,9.2
58,2011,2,8.9
59,2011,2,12.1
60,2011,2,8.9
61,2011,2,8.3
62,2011,2,11.9
63,2011,2,7.9
64,2011,2,7.6
65,2011,2,9.9
66,2011,2,12.1
67,2011,2,7.7
68,2011,2,8.5
69,2011,2,8.2
70,2011,2,8.1
71,2011,2,8.3
72,2011,2,8.3
73,2011,2,7.1
74,2011,2,6.5
75,2011,2,7.7
76,2011,2,10.1
77,2011,2,6.9
78,2011,2,6.4
79,2011,2,6.5
80,2011,2,10.5
81,2011,2,9.8
82,2011,2,9.4
84,2011,2,11.2
85,2011,2,6.9
86,2011,2,7.8
87,2011,2,8.4
88,2011,2,9.8
89,2011,2,8.6
90,2011,2,9.1
91,2011,2,6.4
92,2011,2,6.9
93,2011,2,11.2
94,2011,2,7.7
95,2011,2,8.9
83,2011,2,9.9
ZA,2011,2,
ZB,2011,2,
ZC,2011,2,
ZD,2011,2,
01,2011,3,6.3
02,2011,3,12.5
03,2011,3,9.2
04,2011,3,10.1
05,2011,3,8.1
06,2011,3,8.7
07,2011,3,9.3
08,2011,3,10.9
09,2011,3,10.7
10,2011,3,9.8
11,2011,3,12.2
12,2011,3,6.2
13,2011,3,11.5
14,2011,3,8.8
15,2011,3,5.9
16,2011,3,9.2
17,2011,3,9.3
18,2011,3,9.1
19,2011,3,6.6
2A,2011,3,8.3
2B,2011,3,9.0
21,2011,3,7.4
22,2011,3,7.7
23,2011,3,8.9
24,2011,3,9.5
25,2011,3,8.3
26,2011,3,9.6
27,2011,3,9.2
28,2011,3,8.4
29,2011,3,7.8
30,2011,3,11.9
31,2011,3,9.2
32,2011,3,6.9
33,2011,3,9.2
34,2011,3,12.6
35,2011,3,6.9
36,2011,3,8.1
37,2011,3,7.8
38,2011,3,7.6
39,2011,3,6.7
40,2011,3,8.1
41,2011,3,7.9
42,2011,3,8.9
43,2011,3,7.3
44,2011,3,7.5
45,2011,3,8.4
46,2011,3,8.6
47,2011,3,9.1
48,2011,3,5.3
49,2011,3,7.9
50,2011,3,7.7
51,2011,3,8.5
52,2011,3,8.5
53,2011,3,5.7
54,2011,3,8.8
55,2011,3,9.4
56,2011,3,7.9
57,2011,3,9.3
58,2011,3,9.1
59,2011,3,12.2
60,2011,3,8.9
61,2011,3,8.5
62,2011,3,12.1
63,2011,3,8.1
64,2011,3,7.6
65,2011,3,9.8
66,2011,3,12.6
67,2011,3,7.8
68,2011,3,8.7
69,2011,3,8.3
70,2011,3,8.3
71,2011,3,8.4
72,2011,3,8.3
73,2011,3,7.3
74,2011,3,6.7
75,2011,3,7.9
76,2011,3,10.2
77,2011,3,7.0
78,2011,3,6.4
79,2011,3,6.7
80,2011,3,10.6
81,2011,3,10.0
82,2011,3,10.0
84,2011,3,11.5
85,2011,3,7.1
86,2011,3,7.8
87,2011,3,8.5
88,2011,3,10.0
89,2011,3,8.7
90,2011,3,9.5
91,2011,3,6.6
92,2011,3,7.0
93,2011,3,11.4
94,2011,3,7.9
95,2011,3,9.0
83,2011,3,10.0
ZA,2011,3,
ZB,2011,3,
ZC,2011,3,
ZD,2011,3,
01,2011,4,6.5
02,2011,4,13.0
03,2011,4,9.4
04,2011,4,10.1
05,2011,4,8.3
06,2011,4,8.9
07,2011,4,9.6
08,2011,4,11.2
09,2011,4,11.1
10,2011,4,10.2
11,2011,4,12.5
12,2011,4,6.4
13,2011,4,11.7
14,2011,4,9.0
15,2011,4,6.1
16,2011,4,9.5
17,2011,4,9.4
18,2011,4,9.4
19,2011,4,6.9
2A,2011,4,8.4
2B,2011,4,9.2
21,2011,4,7.5
22,2011,4,7.9
23,2011,4,9.0
24,2011,4,9.8
25,2011,4,8.4
26,2011,4,9.8
27,2011,4,9.4
28,2011,4,8.4
29,2011,4,8.0
30,2011,4,12.1
31,2011,4,9.4
32,2011,4,7.0
33,2011,4,9.4
34,2011,4,12.9
35,2011,4,7.1
36,2011,4,8.4
37,2011,4,7.9
38,2011,4,7.7
39,2011,4,6.8
40,2011,4,8.3
41,2011,4,7.9
42,2011,4,9.0
43,2011,4,7.4
44,2011,4,7.7
45,2011,4,8.6
46,2011,4,8.9
47,2011,4,9.5
48,2011,4,5.4
49,2011,4,8.2
50,2011,4,7.7
51,2011,4,8.9
52,2011,4,8.7
53,2011,4,5.9
54,2011,4,9.1
55,2011,4,9.7
56,2011,4,8.0
57,2011,4,9.5
58,2011,4,9.4
59,2011,4,12.3
60,2011,4,9.1
61,2011,4,8.5
62,2011,4,12.3
63,2011,4,8.1
64,2011,4,7.8
65,2011,4,10.0
66,2011,4,12.9
67,2011,4,7.9
68,2011,4,8.9
69,2011,4,8.5
70,2011,4,8.5
71,2011,4,8.6
72,2011,4,8.5
73,2011,4,7.3
74,2011,4,6.8
75,2011,4,7.9
76,2011,4,10.3
77,2011,4,7.1
78,2011,4,6.5
79,2011,4,6.8
80,2011,4,11.1
81,2011,4,10.3
82,2011,4,10.3
84,2011,4,11.7
85,2011,4,7.3
86,2011,4,8.0
87,2011,4,8.8
88,2011,4,10.4
89,2011,4,8.9
90,2011,4,9.7
91,2011,4,6.6
92,2011,4,7.1
93,2011,4,11.6
94,2011,4,8.0
95,2011,4,9.1
83,2011,4,10.1
ZA,2011,4,
ZB,2011,4,
ZC,2011,4,
ZD,2011,4,
01,2012,1,6.6
02,2012,1,13.3
03,2012,1,9.5
04,2012,1,10.2
05,2012,1,8.3
06,2012,1,9.0
07,2012,1,9.6
08,2012,1,11.3
09,2012,1,11.3
10,2012,1,10.2
11,2012,1,12.7
12,2012,1,6.4
13,2012,1,11.7
14,2012,1,9.1
15,2012,1,6.2
16,2012,1,9.7
17,2012,1,9.5
18,2012,1,9.4
19,2012,1,7.1
2A,2012,1,8.4
2B,2012,1,9.2
21,2012,1,7.6
22,2012,1,7.9
23,2012,1,9.1
24,2012,1,9.9
25,2012,1,8.4
26,2012,1,9.9
27,2012,1,9.7
28,2012,1,8.6
29,2012,1,8.2
30,2012,1,12.1
31,2012,1,9.4
32,2012,1,7.1
33,2012,1,9.4
34,2012,1,13.1
35,2012,1,7.3
36,2012,1,8.5
37,2012,1,8.0
38,2012,1,7.8
39,2012,1,6.8
40,2012,1,8.5
41,2012,1,8.0
42,2012,1,9.1
43,2012,1,7.5
44,2012,1,7.7
45,2012,1,8.8
46,2012,1,9.0
47,2012,1,9.4
48,2012,1,5.5
49,2012,1,8.2
50,2012,1,7.7
51,2012,1,8.8
52,2012,1,8.7
53,2012,1,5.9
54,2012,1,9.2
55,2012,1,9.8
56,2012,1,8.1
57,2012,1,9.5
58,2012,1,9.5
59,2012,1,12.4
60,2012,1,9.3
61,2012,1,8.7
62,2012,1,12.5
63,2012,1,8.1
64,2012,1,7.9
65,2012,1,10.5
66,2012,1,13.3
67,2012,1,8.0
68,2012,1,9.0
69,2012,1,8.6
70,2012,1,8.7
71,2012,1,8.7
72,2012,1,8.6
73,2012,1,7.4
74,2012,1,6.9
75,2012,1,7.9
76,2012,1,10.5
77,2012,1,7.3
78,2012,1,6.6
79,2012,1,7.0
80,2012,1,11.3
81,2012,1,10.4
82,2012,1,10.2
84,2012,1,11.6
85,2012,1,7.4
86,2012,1,8.0
87,2012,1,8.9
88,2012,1,10.6
89,2012,1,8.9
90,2012,1,9.8
91,2012,1,6.7
92,2012,1,7.2
93,2012,1,11.7
94,2012,1,8.0
95,2012,1,9.2
83,2012,1,10.2
ZA,2012,1,
ZB,2012,1,
ZC,2012,1,
ZD,2012,1,
01,2012,2,6.8
02,2012,2,13.6
03,2012,2,9.8
04,2012,2,10.5
05,2012,2,8.5
06,2012,2,9.2
07,2012,2,10.0
08,2012,2,11.7
09,2012,2,11.5
10,2012,2,10.6
11,2012,2,12.9
12,2012,2,6.7
13,2012,2,11.8
14,2012,2,9.3
15,2012,2,6.4
16,2012,2,10.0
17,2012,2,9.8
18,2012,2,9.7
19,2012,2,7.4
2A,2012,2,8.6
2B,2012,2,9.3
21,2012,2,8.0
22,2012,2,8.1
23,2012,2,9.4
24,2012,2,10.3
25,2012,2,8.8
26,2012,2,10.3
27,2012,2,10.0
28,2012,2,9.0
29,2012,2,8.4
30,2012,2,12.5
31,2012,2,9.7
32,2012,2,7.2
33,2012,2,9.6
34,2012,2,13.4
35,2012,2,7.7
36,2012,2,8.6
37,2012,2,8.3
38,2012,2,8.0
39,2012,2,7.0
40,2012,2,8.7
41,2012,2,8.3
42,2012,2,9.4
43,2012,2,7.8
44,2012,2,7.9
45,2012,2,9.1
46,2012,2,9.1
47,2012,2,9.7
48,2012,2,5.6
49,2012,2,8.5
50,2012,2,7.9
51,2012,2,9.2
52,2012,2,9.0
53,2012,2,6.3
54,2012,2,9.5
55,2012,2,10.1
56,2012,2,8.4
57,2012,2,9.8
58,2012,2,9.6
59,2012,2,12.6
60,2012,2,9.6
61,2012,2,8.9
62,2012,2,12.8
63,2012,2,8.4
64,2012,2,8.1
65,2012,2,10.7
66,2012,2,13.6
67,2012,2,8.2
68,2012,2,9.3
69,2012,2,8.8
70,2012,2,9.1
71,2012,2,8.9
72,2012,2,8.9
73,2012,2,7.5
74,2012,2,7.1
75,2012,2,8.0
76,2012,2,10.6
77,2012,2,7.4
78,2012,2,6.8
79,2012,2,7.2
80,2012,2,11.6
81,2012,2,10.6
82,2012,2,10.2
84,2012,2,11.9
85,2012,2,7.6
86,2012,2,8.2
87,2012,2,9.2
88,2012,2,11.0
89,2012,2,9.4
90,2012,2,10.3
91,2012,2,6.9
92,2012,2,7.4
93,2012,2,12.0
94,2012,2,8.2
95,2012,2,9.4
83,2012,2,10.4
ZA,2012,2,
ZB,2012,2,
ZC,2012,2,
ZD,2012,2,
01,2012,3,6.9
02,2012,3,13.6
03,2012,3,9.8
04,2012,3,10.6
05,2012,3,8.6
06,2012,3,9.3
07,2012,3,10.0
08,2012,3,11.9
09,2012,3,11.4
10,2012,3,10.9
11,2012,3,12.9
12,2012,3,6.9
13,2012,3,11.8
14,2012,3,9.4
15,2012,3,6.4
16,2012,3,10.0
17,2012,3,9.8
18,2012,3,9.7
19,2012,3,7.5
2A,2012,3,8.6
2B,2012,3,9.2
21,2012,3,8.1
22,2012,3,8.3
23,2012,3,9.4
24,2012,3,10.3
25,2012,3,9.0
26,2012,3,10.4
27,2012,3,10.1
28,2012,3,9.1
29,2012,3,8.5
30,2012,3,12.6
31,2012,3,9.8
32,2012,3,7.4
33,2012,3,9.6
34,2012,3,13.4
35,2012,3,7.8
36,2012,3,8.9
37,2012,3,8.5
38,2012,3,8.0
39,2012,3,7.1
40,2012,3,8.9
41,2012,3,8.4
42,2012,3,9.5
43,2012,3,7.9
44,2012,3,8.0
45,2012,3,9.2
46,2012,3,9.1
47,2012,3,9.8
48,2012,3,5.6
49,2012,3,8.7
50,2012,3,8.0
51,2012,3,9.3
52,2012,3,9.3
53,2012,3,6.5
54,2012,3,9.5
55,2012,3,10.1
56,2012,3,8.5
57,2012,3,9.9
58,2012,3,9.6
59,2012,3,12.8
60,2012,3,9.6
61,2012,3,9.0
62,2012,3,12.9
63,2012,3,8.4
64,2012,3,8.2
65,2012,3,10.8
66,2012,3,13.7
67,2012,3,8.3
68,2012,3,9.4
69,2012,3,8.8
70,2012,3,9.5
71,2012,3,8.9
72,2012,3,9.1
73,2012,3,7.6
74,2012,3,7.1
75,2012,3,8.0
76,2012,3,10.8
77,2012,3,7.5
78,2012,3,6.8
79,2012,3,7.3
80,2012,3,11.6
81,2012,3,10.5
82,2012,3,10.3
84,2012,3,12.0
85,2012,3,7.7
86,2012,3,8.2
87,2012,3,9.2
88,2012,3,11.0
89,2012,3,9.6
90,2012,3,10.8
91,2012,3,6.9
92,2012,3,7.4
93,2012,3,12.1
94,2012,3,8.3
95,2012,3,9.4
83,2012,3,10.3
ZA,2012,3,
ZB,2012,3,
ZC,2012,3,
ZD,2012,3,
01,2012,4,7.1
02,2012,4,14.2
03,2012,4,10.2
04,2012,4,11.0
05,2012,4,8.9
06,2012,4,9.7
07,2012,4,10.5
08,2012,4,12.4
09,2012,4,12.1
10,2012,4,11.4
11,2012,4,13.7
12,2012,4,7.3
13,2012,4,12.1
14,2012,4,9.8
15,2012,4,6.8
16,2012,4,10.5
17,2012,4,10.2
18,2012,4,10.1
19,2012,4,8.1
2A,2012,4,9.1
2B,2012,4,9.7
21,2012,4,8.6
22,2012,4,8.6
23,2012,4,9.8
24,2012,4,10.6
25,2012,4,9.4
26,2012,4,10.8
27,2012,4,10.5
28,2012,4,9.6
29,2012,4,8.9
30,2012,4,13.1
31,2012,4,10.0
32,2012,4,7.7
33,2012,4,9.9
34,2012,4,14.0
35,2012,4,8.2
36,2012,4,9.2
37,2012,4,8.8
38,2012,4,8.4
39,2012,4,7.5
40,2012,4,9.1
41,2012,4,8.8
42,2012,4,10.0
43,2012,4,8.4
44,2012,4,8.3
45,2012,4,9.6
46,2012,4,9.5
47,2012,4,10.0
48,2012,4,6.0
49,2012,4,9.1
50,2012,4,8.3
51,2012,4,9.7
52,2012,4,9.9
53,2012,4,6.9
54,2012,4,9.9
55,2012,4,10.5
56,2012,4,8.9
57,2012,4,10.4
58,2012,4,9.9
59,2012,4,13.3
60,2012,4,10.1
61,2012,4,9.4
62,2012,4,13.5
63,2012,4,8.7
64,2012,4,8.4
65,2012,4,11.1
66,2012,4,14.4
67,2012,4,8.7
68,2012,4,9.8
69,2012,4,9.2
70,2012,4,10.2
71,2012,4,9.2
72,2012,4,9.7
73,2012,4,7.9
74,2012,4,7.4
75,2012,4,8.2
76,2012,4,11.2
77,2012,4,7.8
78,2012,4,7.1
79,2012,4,7.7
80,2012,4,12.1
81,2012,4,10.8
82,2012,4,10.7
84,2012,4,12.5
85,2012,4,8.0
86,2012,4,8.4
87,2012,4,9.5
88,2012,4,11.5
89,2012,4,10.0
90,2012,4,11.6
91,2012,4,7.2
92,2012,4,7.6
93,2012,4,12.4
94,2012,4,8.4
95,2012,4,9.8
83,2012,4,10.7
ZA,2012,4,
ZB,2012,4,
ZC,2012,4,
ZD,2012,4,
01,2013,1,7.3
02,2013,1,14.3
03,2013,1,10.3
04,2013,1,11.1
05,2013,1,9.2
06,2013,1,9.9
07,2013,1,10.7
08,2013,1,12.7
09,2013,1,12.4
10,2013,1,11.7
11,2013,1,13.9
12,2013,1,7.5
13,2013,1,12.3
14,2013,1,9.9
15,2013,1,6.9
16,2013,1,10.5
17,2013,1,10.4
18,2013,1,10.4
19,2013,1,8.2
2A,2013,1,9.2
2B,2013,1,10.0
21,2013,1,8.9
22,2013,1,8.8
23,2013,1,9.9
24,2013,1,10.7
25,2013,1,9.6
26,2013,1,11.0
27,2013,1,10.7
28,2013,1,9.7
29,2013,1,9.0
30,2013,1,13.4
31,2013,1,10.2
32,2013,1,8.0
33,2013,1,10.0
34,2013,1,14.2
35,2013,1,8.3
36,2013,1,9.4
37,2013,1,9.0
38,2013,1,8.4
39,2013,1,7.6
40,2013,1,9.3
41,2013,1,9.1
42,2013,1,10.1
43,2013,1,8.6
44,2013,1,8.4
45,2013,1,9.7
46,2013,1,9.6
47,2013,1,10.1
48,2013,1,6.1
49,2013,1,9.2
50,2013,1,8.4
51,2013,1,10.1
52,2013,1,10.1
53,2013,1,7.0
54,2013,1,10.1
55,2013,1,10.7
56,2013,1,9.1
57,2013,1,10.7
58,2013,1,10.0
59,2013,1,13.5
60,2013,1,10.3
61,2013,1,9.4
62,2013,1,13.7
63,2013,1,8.8
64,2013,1,8.6
65,2013,1,11.2
66,2013,1,14.6
67,2013,1,8.9
68,2013,1,10.0
69,2013,1,9.4
70,2013,1,10.3
71,2013,1,9.4
72,2013,1,9.9
73,2013,1,7.9
74,2013,1,7.5
75,2013,1,8.4
76,2013,1,11.4
77,2013,1,8.0
78,2013,1,7.3
79,2013,1,7.7
80,2013,1,12.3
81,2013,1,11.0
82,2013,1,11.0
84,2013,1,12.7
85,2013,1,8.2
86,2013,1,8.6
87,2013,1,9.7
88,2013,1,11.7
89,2013,1,10.2
90,2013,1,11.8
91,2013,1,7.4
92,2013,1,7.7
93,2013,1,12.7
94,2013,1,8.7
95,2013,1,10.1
83,2013,1,10.8
ZA,2013,1,
ZB,2013,1,
ZC,2013,1,
ZD,2013,1,
01,2013,2,7.3
02,2013,2,14.4
03,2013,2,10.3
04,2013,2,11.3
05,2013,2,9.4
06,2013,2,10.2
07,2013,2,10.8
08,2013,2,12.7
09,2013,2,12.5
10,2013,2,11.9
11,2013,2,14.1
12,2013,2,7.7
13,2013,2,12.4
14,2013,2,9.9
15,2013,2,7.0
16,2013,2,10.5
17,2013,2,10.7
18,2013,2,10.5
19,2013,2,8.3
2A,2013,2,9.3
2B,2013,2,10.2
21,2013,2,8.9
22,2013,2,9.0
23,2013,2,9.9
24,2013,2,10.7
25,2013,2,9.6
26,2013,2,11.0
27,2013,2,10.8
28,2013,2,9.7
29,2013,2,9.3
30,2013,2,13.7
31,2013,2,10.4
32,2013,2,8.2
33,2013,2,10.1
34,2013,2,14.4
35,2013,2,8.4
36,2013,2,9.5
37,2013,2,9.1
38,2013,2,8.5
39,2013,2,7.7
40,2013,2,9.4
41,2013,2,9.2
42,2013,2,10.2
43,2013,2,8.6
44,2013,2,8.7
45,2013,2,9.9
46,2013,2,9.7
47,2013,2,10.2
48,2013,2,6.3
49,2013,2,9.4
50,2013,2,8.5
51,2013,2,10.3
52,2013,2,10.0
53,2013,2,7.1
54,2013,2,10.3
55,2013,2,10.7
56,2013,2,9.3
57,2013,2,10.9
58,2013,2,10.0
59,2013,2,13.5
60,2013,2,10.4
61,2013,2,9.5
62,2013,2,13.7
63,2013,2,8.8
64,2013,2,8.6
65,2013,2,11.4
66,2013,2,14.9
67,2013,2,9.0
68,2013,2,10.1
69,2013,2,9.4
70,2013,2,10.3
71,2013,2,9.5
72,2013,2,10.0
73,2013,2,8.0
74,2013,2,7.6
75,2013,2,8.4
76,2013,2,11.5
77,2013,2,8.0
78,2013,2,7.3
79,2013,2,7.9
80,2013,2,12.4
81,2013,2,11.1
82,2013,2,11.3
84,2013,2,12.8
85,2013,2,8.5
86,2013,2,8.7
87,2013,2,9.8
88,2013,2,11.8
89,2013,2,10.1
90,2013,2,11.8
91,2013,2,7.5
92,2013,2,7.8
93,2013,2,12.9
94,2013,2,8.8
95,2013,2,10.1
83,2013,2,10.9
ZA,2013,2,
ZB,2013,2,
ZC,2013,2,
ZD,2013,2,
01,2013,3,7.2
02,2013,3,14.2
03,2013,3,10.1
04,2013,3,11.1
05,2013,3,9.3
06,2013,3,10.1
07,2013,3,10.6
08,2013,3,12.5
09,2013,3,12.2
10,2013,3,11.8
11,2013,3,13.9
12,2013,3,7.5
13,2013,3,12.1
14,2013,3,9.7
15,2013,3,6.7
16,2013,3,10.2
17,2013,3,10.5
18,2013,3,10.3
19,2013,3,8.0
2A,2013,3,9.2
2B,2013,3,10.3
21,2013,3,8.6
22,2013,3,9.0
23,2013,3,9.8
24,2013,3,10.6
25,2013,3,9.4
26,2013,3,10.8
27,2013,3,10.5
28,2013,3,9.5
29,2013,3,9.1
30,2013,3,13.4
31,2013,3,10.3
32,2013,3,8.0
33,2013,3,9.9
34,2013,3,14.2
35,2013,3,8.2
36,2013,3,9.3
37,2013,3,9.0
38,2013,3,8.2
39,2013,3,7.6
40,2013,3,9.4
41,2013,3,9.1
42,2013,3,10.1
43,2013,3,8.4
44,2013,3,8.5
45,2013,3,9.8
46,2013,3,9.4
47,2013,3,10.0
48,2013,3,6.1
49,2013,3,9.2
50,2013,3,8.4
51,2013,3,10.2
52,2013,3,9.7
53,2013,3,6.8
54,2013,3,10.1
55,2013,3,10.4
56,2013,3,9.3
57,2013,3,10.8
58,2013,3,9.8
59,2013,3,13.3
60,2013,3,10.3
61,2013,3,9.3
62,2013,3,13.4
63,2013,3,8.6
64,2013,3,8.5
65,2013,3,11.4
66,2013,3,14.6
67,2013,3,8.8
68,2013,3,9.9
69,2013,3,9.2
70,2013,3,10.0
71,2013,3,9.3
72,2013,3,9.8
73,2013,3,7.9
74,2013,3,7.4
75,2013,3,8.3
76,2013,3,11.3
77,2013,3,8.0
78,2013,3,7.2
79,2013,3,7.8
80,2013,3,12.1
81,2013,3,10.9
82,2013,3,11.2
84,2013,3,12.6
85,2013,3,8.4
86,2013,3,8.5
87,2013,3,9.7
88,2013,3,11.7
89,2013,3,9.9
90,2013,3,11.5
91,2013,3,7.4
92,2013,3,7.7
93,2013,3,12.8
94,2013,3,8.7
95,2013,3,10.0
83,2013,3,10.8
ZA,2013,3,
ZB,2013,3,
ZC,2013,3,
ZD,2013,3,
01,2013,4,7.0
02,2013,4,13.9
03,2013,4,10.1
04,2013,4,11.1
05,2013,4,9.1
06,2013,4,10.0
07,2013,4,10.3
08,2013,4,12.1
09,2013,4,12.0
10,2013,4,11.6
11,2013,4,13.8
12,2013,4,7.3
13,2013,4,11.9
14,2013,4,9.5
15,2013,4,6.6
16,2013,4,10.1
17,2013,4,10.3
18,2013,4,10.1
19,2013,4,7.8
2A,2013,4,9.2
2B,2013,4,10.2
21,2013,4,8.4
22,2013,4,8.9
23,2013,4,9.6
24,2013,4,10.5
25,2013,4,9.3
26,2013,4,10.6
27,2013,4,10.4
28,2013,4,9.4
29,2013,4,8.9
30,2013,4,13.4
31,2013,4,10.3
32,2013,4,7.8
33,2013,4,9.9
34,2013,4,14.2
35,2013,4,8.0
36,2013,4,9.2
37,2013,4,8.9
38,2013,4,8.1
39,2013,4,7.5
40,2013,4,9.3
41,2013,4,8.9
42,2013,4,9.9
43,2013,4,8.3
44,2013,4,8.5
45,2013,4,9.7
46,2013,4,9.3
47,2013,4,9.8
48,2013,4,6.0
49,2013,4,9.1
50,2013,4,8.2
51,2013,4,9.7
52,2013,4,9.4
53,2013,4,6.6
54,2013,4,9.9
55,2013,4,10.1
56,2013,4,9.1
57,2013,4,10.7
58,2013,4,9.8
59,2013,4,13.1
60,2013,4,10.1
61,2013,4,9.1
62,2013,4,13.1
63,2013,4,8.5
64,2013,4,8.4
65,2013,4,11.2
66,2013,4,14.5
67,2013,4,8.7
68,2013,4,9.7
69,2013,4,9.1
70,2013,4,9.8
71,2013,4,8.9
72,2013,4,9.7
73,2013,4,7.8
74,2013,4,7.3
75,2013,4,8.2
76,2013,4,11.2
77,2013,4,8.0
78,2013,4,7.2
79,2013,4,7.5
80,2013,4,12.0
81,2013,4,10.8
82,2013,4,10.8
84,2013,4,12.4
85,2013,4,8.3
86,2013,4,8.1
87,2013,4,9.5
88,2013,4,11.6
89,2013,4,9.6
90,2013,4,11.4
91,2013,4,7.4
92,2013,4,7.7
93,2013,4,12.8
94,2013,4,8.7
95,2013,4,9.9
83,2013,4,10.8
ZA,2013,4,
ZB,2013,4,
ZC,2013,4,
ZD,2013,4,
01,2014,1,7.0
02,2014,1,13.9
03,2014,1,10.1
04,2014,1,11.0
05,2014,1,9.1
06,2014,1,10.1
07,2014,1,10.4
08,2014,1,12.1
09,2014,1,11.9
10,2014,1,11.9
11,2014,1,13.9
12,2014,1,7.4
13,2014,1,11.9
14,2014,1,9.6
15,2014,1,6.6
16,2014,1,9.9
17,2014,1,10.3
18,2014,1,10.1
19,2014,1,7.8
2A,2014,1,9.1
2B,2014,1,10.2
21,2014,1,8.4
22,2014,1,8.9
23,2014,1,9.5
24,2014,1,10.5
25,2014,1,9.3
26,2014,1,10.6
27,2014,1,10.4
28,2014,1,9.5
29,2014,1,9.0
30,2014,1,13.4
31,2014,1,10.3
32,2014,1,7.8
33,2014,1,9.9
34,2014,1,14.2
35,2014,1,8.0
36,2014,1,9.4
37,2014,1,8.9
38,2014,1,8.1
39,2014,1,7.5
40,2014,1,9.4
41,2014,1,8.9
42,2014,1,9.9
43,2014,1,8.3
44,2014,1,8.5
45,2014,1,9.8
46,2014,1,9.3
47,2014,1,9.9
48,2014,1,5.9
49,2014,1,9.2
50,2014,1,8.2
51,2014,1,9.9
52,2014,1,9.4
53,2014,1,6.7
54,2014,1,9.9
55,2014,1,10.1
56,2014,1,9.1
57,2014,1,10.7
58,2014,1,9.7
59,2014,1,13.0
60,2014,1,10.1
61,2014,1,9.2
62,2014,1,13.0
63,2014,1,8.5
64,2014,1,8.5
65,2014,1,11.1
66,2014,1,14.5
67,2014,1,8.7
68,2014,1,9.7
69,2014,1,9.1
70,2014,1,10.0
71,2014,1,9.0
72,2014,1,9.6
73,2014,1,7.9
74,2014,1,7.3
75,2014,1,8.2
76,2014,1,11.2
77,2014,1,8.0
78,2014,1,7.2
79,2014,1,7.6
80,2014,1,11.9
81,2014,1,10.8
82,2014,1,10.9
84,2014,1,12.4
85,2014,1,8.3
86,2014,1,8.2
87,2014,1,9.4
88,2014,1,11.7
89,2014,1,9.7
90,2014,1,11.5
91,2014,1,7.4
92,2014,1,7.7
93,2014,1,12.8
94,2014,1,8.8
95,2014,1,9.9
83,2014,1,10.7
ZA,2014,1,23.8
ZB,2014,1,19.6
ZC,2014,1,20.5
ZD,2014,1,25.7
01,2014,2,6.9
02,2014,2,13.8
03,2014,2,10.2
04,2014,2,11.1
05,2014,2,9.2
06,2014,2,10.1
07,2014,2,10.4
08,2014,2,12.1
09,2014,2,11.9
10,2014,2,11.9
11,2014,2,14.0
12,2014,2,7.3
13,2014,2,11.9
14,2014,2,9.6
15,2014,2,6.5
16,2014,2,10.0
17,2014,2,10.2
18,2014,2,10.0
19,2014,2,7.9
2A,2014,2,9.2
2B,2014,2,10.5
21,2014,2,8.4
22,2014,2,8.9
23,2014,2,9.3
24,2014,2,10.4
25,2014,2,9.3
26,2014,2,10.6
27,2014,2,10.3
28,2014,2,9.5
29,2014,2,8.9
30,2014,2,13.5
31,2014,2,10.4
32,2014,2,7.8
33,2014,2,10.0
34,2014,2,14.1
35,2014,2,8.0
36,2014,2,9.5
37,2014,2,9.0
38,2014,2,8.2
39,2014,2,7.4
40,2014,2,9.3
41,2014,2,8.9
42,2014,2,9.9
43,2014,2,8.3
44,2014,2,8.6
45,2014,2,9.8
46,2014,2,9.2
47,2014,2,9.9
48,2014,2,5.8
49,2014,2,9.2
50,2014,2,8.3
51,2014,2,9.9
52,2014,2,9.6
53,2014,2,6.6
54,2014,2,9.8
55,2014,2,10.1
56,2014,2,9.2
57,2014,2,10.6
58,2014,2,9.6
59,2014,2,12.9
60,2014,2,10.0
61,2014,2,9.3
62,2014,2,13.0
63,2014,2,8.6
64,2014,2,8.4
65,2014,2,11.2
66,2014,2,14.7
67,2014,2,8.7
68,2014,2,9.7
69,2014,2,9.1
70,2014,2,10.0
71,2014,2,9.0
72,2014,2,9.7
73,2014,2,8.1
74,2014,2,7.4
75,2014,2,8.2
76,2014,2,11.1
77,2014,2,8.0
78,2014,2,7.3
79,2014,2,7.6
80,2014,2,11.8
81,2014,2,10.9
82,2014,2,10.9
84,2014,2,12.6
85,2014,2,8.3
86,2014,2,8.3
87,2014,2,9.4
88,2014,2,11.6
89,2014,2,9.6
90,2014,2,11.5
91,2014,2,7.4
92,2014,2,7.7
93,2014,2,12.9
94,2014,2,8.8
95,2014,2,10.0
83,2014,2,10.8
ZA,2014,2,23.8
ZB,2014,2,19.6
ZC,2014,2,22.5
ZD,2014,2,26.9
01,2014,3,7.1
02,2014,3,13.9
03,2014,3,10.3
04,2014,3,11.3
05,2014,3,9.3
06,2014,3,10.4
07,2014,3,10.4
08,2014,3,12.1
09,2014,3,12.1
10,2014,3,12.2
11,2014,3,14.1
12,2014,3,7.3
13,2014,3,12.0
14,2014,3,9.8
15,2014,3,6.5
16,2014,3,10.1
17,2014,3,10.5
18,2014,3,10.2
19,2014,3,8.0
2A,2014,3,9.5
2B,2014,3,10.9
21,2014,3,8.6
22,2014,3,9.0
23,2014,3,9.4
24,2014,3,10.6
25,2014,3,9.4
26,2014,3,10.8
27,2014,3,10.4
28,2014,3,9.6
29,2014,3,9.1
30,2014,3,13.8
31,2014,3,10.5
32,2014,3,8.0
33,2014,3,10.1
34,2014,3,14.2
35,2014,3,8.1
36,2014,3,9.5
37,2014,3,9.2
38,2014,3,8.3
39,2014,3,7.6
40,2014,3,9.4
41,2014,3,9.1
42,2014,3,10.0
43,2014,3,8.4
44,2014,3,8.7
45,2014,3,9.9
46,2014,3,9.2
47,2014,3,10.0
48,2014,3,6.0
49,2014,3,9.3
50,2014,3,8.4
51,2014,3,10.0
52,2014,3,9.7
53,2014,3,6.8
54,2014,3,10.0
55,2014,3,10.1
56,2014,3,9.3
57,2014,3,10.7
58,2014,3,9.6
59,2014,3,13.0
60,2014,3,10.0
61,2014,3,9.3
62,2014,3,13.1
63,2014,3,8.7
64,2014,3,8.6
65,2014,3,11.4
66,2014,3,15.0
67,2014,3,8.8
68,2014,3,9.8
69,2014,3,9.2
70,2014,3,10.0
71,2014,3,9.2
72,2014,3,9.9
73,2014,3,8.2
74,2014,3,7.5
75,2014,3,8.3
76,2014,3,11.2
77,2014,3,8.0
78,2014,3,7.4
79,2014,3,7.7
80,2014,3,11.9
81,2014,3,11.0
82,2014,3,11.1
84,2014,3,12.8
85,2014,3,8.4
86,2014,3,8.5
87,2014,3,9.7
88,2014,3,11.7
89,2014,3,9.7
90,2014,3,11.6
91,2014,3,7.5
92,2014,3,7.8
93,2014,3,13.0
94,2014,3,8.9
95,2014,3,10.2
83,2014,3,11.0
ZA,2014,3,23.6
ZB,2014,3,19.5
ZC,2014,3,23.6
ZD,2014,3,27.5
01,2014,4,7.3
02,2014,4,14.0
03,2014,4,10.5
04,2014,4,11.4
05,2014,4,9.3
06,2014,4,10.6
07,2014,4,10.6
08,2014,4,12.6
09,2014,4,12.4
10,2014,4,12.6
11,2014,4,14.4
12,2014,4,7.3
13,2014,4,12.2
14,2014,4,10.0
15,2014,4,6.5
16,2014,4,10.3
17,2014,4,10.7
18,2014,4,10.4
19,2014,4,8.2
2A,2014,4,9.7
2B,2014,4,11.1
21,2014,4,8.8
22,2014,4,9.3
23,2014,4,9.6
24,2014,4,10.8
25,2014,4,9.6
26,2014,4,11.1
27,2014,4,10.5
28,2014,4,9.8
29,2014,4,9.2
30,2014,4,14.1
31,2014,4,10.7
32,2014,4,8.2
33,2014,4,10.3
34,2014,4,14.4
35,2014,4,8.3
36,2014,4,9.6
37,2014,4,9.4
38,2014,4,8.4
39,2014,4,7.7
40,2014,4,9.6
41,2014,4,9.2
42,2014,4,10.3
43,2014,4,8.5
44,2014,4,8.9
45,2014,4,10.3
46,2014,4,9.3
47,2014,4,10.2
48,2014,4,6.3
49,2014,4,9.6
50,2014,4,8.4
51,2014,4,10.2
52,2014,4,10.0
53,2014,4,7.1
54,2014,4,10.1
55,2014,4,10.4
56,2014,4,9.5
57,2014,4,10.8
58,2014,4,9.6
59,2014,4,13.2
60,2014,4,10.3
61,2014,4,9.4
62,2014,4,13.2
63,2014,4,8.9
64,2014,4,8.7
65,2014,4,11.5
66,2014,4,15.3
67,2014,4,9.0
68,2014,4,10.0
69,2014,4,9.4
70,2014,4,10.3
71,2014,4,9.4
72,2014,4,10.1
73,2014,4,8.2
74,2014,4,7.6
75,2014,4,8.4
76,2014,4,11.2
77,2014,4,8.2
78,2014,4,7.5
79,2014,4,8.0
80,2014,4,11.9
81,2014,4,11.1
82,2014,4,11.5
84,2014,4,13.0
85,2014,4,8.6
86,2014,4,8.6
87,2014,4,9.8
88,2014,4,11.8
89,2014,4,9.9
90,2014,4,11.8
91,2014,4,7.7
92,2014,4,7.9
93,2014,4,13.2
94,2014,4,9.1
95,2014,4,10.4
83,2014,4,11.1
ZA,2014,4,24.3
ZB,2014,4,19.1
ZC,2014,4,22.2
ZD,2014,4,25.3
01,2015,1,7.3
02,2015,1,13.8
03,2015,1,10.4
04,2015,1,11.3
05,2015,1,9.3
06,2015,1,10.4
07,2015,1,10.5
08,2015,1,12.5
09,2015,1,12.2
10,2015,1,12.6
11,2015,1,14.2
12,2015,1,7.3
13,2015,1,12.0
14,2015,1,9.8
15,2015,1,6.4
16,2015,1,10.1
17,2015,1,10.5
18,2015,1,10.3
19,2015,1,8.1
2A,2015,1,9.7
2B,2015,1,11.1
21,2015,1,8.7
22,2015,1,9.1
23,2015,1,9.5
24,2015,1,10.8
25,2015,1,9.5
26,2015,1,11.0
27,2015,1,10.3
28,2015,1,9.6
29,2015,1,9.1
30,2015,1,13.8
31,2015,1,10.6
32,2015,1,8.2
33,2015,1,10.2
34,2015,1,14.1
35,2015,1,8.2
36,2015,1,9.5
37,2015,1,9.2
38,2015,1,8.4
39,2015,1,7.7
40,2015,1,9.6
41,2015,1,8.9
42,2015,1,10.1
43,2015,1,8.3
44,2015,1,8.8
45,2015,1,10.1
46,2015,1,9.1
47,2015,1,10.2
48,2015,1,6.4
49,2015,1,9.6
50,2015,1,8.3
51,2015,1,10.0
52,2015,1,9.8
53,2015,1,7.0
54,2015,1,10.0
55,2015,1,10.2
56,2015,1,9.3
57,2015,1,10.6
58,2015,1,9.6
59,2015,1,13.0
60,2015,1,10.1
61,2015,1,9.2
62,2015,1,13.0
63,2015,1,8.8
64,2015,1,8.7
65,2015,1,11.3
66,2015,1,15.2
67,2015,1,8.9
68,2015,1,9.9
69,2015,1,9.3
70,2015,1,10.0
71,2015,1,9.3
72,2015,1,10.1
73,2015,1,8.2
74,2015,1,7.5
75,2015,1,8.2
76,2015,1,11.1
77,2015,1,8.1
78,2015,1,7.4
79,2015,1,8.0
80,2015,1,11.8
81,2015,1,11.0
82,2015,1,11.5
84,2015,1,12.9
85,2015,1,8.5
86,2015,1,8.6
87,2015,1,9.7
88,2015,1,11.7
89,2015,1,9.8
90,2015,1,11.6
91,2015,1,7.6
92,2015,1,7.8
93,2015,1,13.0
94,2015,1,8.9
95,2015,1,10.2
83,2015,1,11.0
ZA,2015,1,23.3
ZB,2015,1,18.7
ZC,2015,1,20.9
ZD,2015,1,23.0
01,2015,2,7.5
02,2015,2,14.0
03,2015,2,10.7
04,2015,2,11.6
05,2015,2,9.6
06,2015,2,10.8
07,2015,2,10.8
08,2015,2,12.8
09,2015,2,12.5
10,2015,2,13.0
11,2015,2,14.5
12,2015,2,7.5
13,2015,2,12.2
14,2015,2,10.1
15,2015,2,6.6
16,2015,2,10.2
17,2015,2,10.9
18,2015,2,10.6
19,2015,2,8.3
2A,2015,2,9.9
2B,2015,2,11.4
21,2015,2,8.9
22,2015,2,9.2
23,2015,2,9.7
24,2015,2,10.9
25,2015,2,9.6
26,2015,2,11.3
27,2015,2,10.5
28,2015,2,9.8
29,2015,2,9.4
30,2015,2,14.0
31,2015,2,10.7
32,2015,2,8.4
33,2015,2,10.4
34,2015,2,14.3
35,2015,2,8.3
36,2015,2,9.7
37,2015,2,9.4
38,2015,2,8.7
39,2015,2,7.9
40,2015,2,9.8
41,2015,2,9.2
42,2015,2,10.4
43,2015,2,8.5
44,2015,2,9.0
45,2015,2,10.2
46,2015,2,9.3
47,2015,2,10.4
48,2015,2,6.5
49,2015,2,9.7
50,2015,2,8.4
51,2015,2,10.1
52,2015,2,10.1
53,2015,2,7.2
54,2015,2,10.3
55,2015,2,10.3
56,2015,2,9.5
57,2015,2,10.8
58,2015,2,9.9
59,2015,2,13.2
60,2015,2,10.3
61,2015,2,9.6
62,2015,2,13.2
63,2015,2,9.1
64,2015,2,8.7
65,2015,2,11.8
66,2015,2,15.5
67,2015,2,9.1
68,2015,2,10.1
69,2015,2,9.4
70,2015,2,10.0
71,2015,2,9.4
72,2015,2,10.2
73,2015,2,8.4
74,2015,2,7.8
75,2015,2,8.4
76,2015,2,11.3
77,2015,2,8.3
78,2015,2,7.5
79,2015,2,8.1
80,2015,2,12.1
81,2015,2,11.2
82,2015,2,11.7
84,2015,2,13.1
85,2015,2,8.6
86,2015,2,8.7
87,2015,2,9.9
88,2015,2,11.9
89,2015,2,10.1
90,2015,2,11.7
91,2015,2,7.8
92,2015,2,8.0
93,2015,2,13.3
94,2015,2,9.1
95,2015,2,10.4
83,2015,2,11.3
ZA,2015,2,23.7
ZB,2015,2,17.4
ZC,2015,2,19.6
ZD,2015,2,23.5
01,2015,3,7.3
02,2015,3,13.8
03,2015,3,10.6
04,2015,3,11.3
05,2015,3,9.5
06,2015,3,10.5
07,2015,3,10.8
08,2015,3,12.5
09,2015,3,12.3
10,2015,3,12.8
11,2015,3,14.1
12,2015,3,7.5
13,2015,3,12.0
14,2015,3,9.9
15,2015,3,6.6
16,2015,3,10.1
17,2015,3,10.8
18,2015,3,10.5
19,2015,3,8.3
2A,2015,3,9.7
2B,2015,3,11.2
21,2015,3,8.8
22,2015,3,9.1
23,2015,3,9.5
24,2015,3,10.6
25,2015,3,9.5
26,2015,3,11.2
27,2015,3,10.4
28,2015,3,9.7
29,2015,3,9.3
30,2015,3,13.8
31,2015,3,10.6
32,2015,3,8.3
33,2015,3,10.3
34,2015,3,14.0
35,2015,3,8.2
36,2015,3,9.7
37,2015,3,9.3
38,2015,3,8.7
39,2015,3,7.7
40,2015,3,9.6
41,2015,3,9.0
42,2015,3,10.3
43,2015,3,8.4
44,2015,3,8.8
45,2015,3,10.0
46,2015,3,9.2
47,2015,3,10.3
48,2015,3,6.4
49,2015,3,9.5
50,2015,3,8.3
51,2015,3,10.0
52,2015,3,9.9
53,2015,3,7.1
54,2015,3,10.2
55,2015,3,10.1
56,2015,3,9.4
57,2015,3,10.6
58,2015,3,9.8
59,2015,3,13.1
60,2015,3,10.2
61,2015,3,9.5
62,2015,3,13.1
63,2015,3,8.9
64,2015,3,8.6
65,2015,3,11.5
66,2015,3,15.4
67,2015,3,9.0
68,2015,3,10.0
69,2015,3,9.3
70,2015,3,9.7
71,2015,3,9.3
72,2015,3,10.1
73,2015,3,8.2
74,2015,3,7.6
75,2015,3,8.2
76,2015,3,11.3
77,2015,3,8.2
78,2015,3,7.4
79,2015,3,7.9
80,2015,3,12.1
81,2015,3,11.0
82,2015,3,11.6
84,2015,3,12.9
85,2015,3,8.4
86,2015,3,8.5
87,2015,3,9.8
88,2015,3,11.8
89,2015,3,9.9
90,2015,3,11.5
91,2015,3,7.7
92,2015,3,7.9
93,2015,3,13.1
94,2015,3,9.0
95,2015,3,10.3
83,2015,3,11.1
ZA,2015,3,23.5
ZB,2015,3,17.1
ZC,2015,3,23.7
ZD,2015,3,24.2
01,2015,4,7.3
02,2015,4,13.8
03,2015,4,10.6
04,2015,4,11.2
05,2015,4,9.4
06,2015,4,10.4
07,2015,4,10.7
08,2015,4,12.1
09,2015,4,12.1
10,2015,4,12.5
11,2015,4,14.0
12,2015,4,7.5
13,2015,4,11.9
14,2015,4,9.8
15,2015,4,6.4
16,2015,4,9.9
17,2015,4,10.6
18,2015,4,10.5
19,2015,4,8.2
2A,2015,4,9.5
2B,2015,4,10.9
21,2015,4,8.8
22,2015,4,9.1
23,2015,4,9.4
24,2015,4,10.4
25,2015,4,9.3
26,2015,4,11.2
27,2015,4,10.3
28,2015,4,9.5
29,2015,4,9.1
30,2015,4,13.7
31,2015,4,10.5
32,2015,4,8.2
33,2015,4,10.2
34,2015,4,13.9
35,2015,4,8.1
36,2015,4,9.7
37,2015,4,9.2
38,2015,4,8.6
39,2015,4,7.7
40,2015,4,9.4
41,2015,4,8.9
42,2015,4,10.1
43,2015,4,8.4
44,2015,4,8.7
45,2015,4,10.0
46,2015,4,9.1
47,2015,4,10.3
48,2015,4,6.5
49,2015,4,9.5
50,2015,4,8.2
51,2015,4,9.9
52,2015,4,9.5
53,2015,4,7.0
54,2015,4,10.0
55,2015,4,9.9
56,2015,4,9.4
57,2015,4,10.4
58,2015,4,9.7
59,2015,4,12.9
60,2015,4,10.0
61,2015,4,9.5
62,2015,4,12.8
63,2015,4,8.9
64,2015,4,8.5
65,2015,4,11.3
66,2015,4,15.2
67,2015,4,8.9
68,2015,4,9.9
69,2015,4,9.2
70,2015,4,9.3
71,2015,4,9.2
72,2015,4,10.0
73,2015,4,8.0
74,2015,4,7.6
75,2015,4,8.0
76,2015,4,11.2
77,2015,4,8.1
78,2015,4,7.4
79,2015,4,7.8
80,2015,4,12.1
81,2015,4,11.0
82,2015,4,11.6
84,2015,4,13.0
85,2015,4,8.2
86,2015,4,8.4
87,2015,4,9.8
88,2015,4,11.5
89,2015,4,9.7
90,2015,4,11.2
91,2015,4,7.7
92,2015,4,7.7
93,2015,4,12.9
94,2015,4,8.9
95,2015,4,10.2
83,2015,4,11.0
ZA,2015,4,23.8
ZB,2015,4,18.4
ZC,2015,4,23.7
ZD,2015,4,23.1
01,2016,1,7.4
02,2016,1,13.8
03,2016,1,10.6
04,2016,1,11.2
05,2016,1,9.4
06,2016,1,10.4
07,2016,1,10.7
08,2016,1,12.2
09,2016,1,12.1
10,2016,1,12.6
11,2016,1,13.9
12,2016,1,7.4
13,2016,1,11.8
14,2016,1,9.7
15,2016,1,6.4
16,2016,1,9.9
17,2016,1,10.5
18,2016,1,10.6
19,2016,1,8.4
2A,2016,1,9.4
2B,2016,1,10.8
21,2016,1,8.8
22,2016,1,9.2
23,2016,1,9.4
24,2016,1,10.4
25,2016,1,9.3
26,2016,1,11.1
27,2016,1,10.4
28,2016,1,9.6
29,2016,1,9.2
30,2016,1,13.5
31,2016,1,10.4
32,2016,1,8.3
33,2016,1,10.1
34,2016,1,13.8
35,2016,1,8.1
36,2016,1,9.8
37,2016,1,9.3
38,2016,1,8.6
39,2016,1,7.7
40,2016,1,9.4
41,2016,1,8.9
42,2016,1,10.1
43,2016,1,8.5
44,2016,1,8.6
45,2016,1,10.0
46,2016,1,9.1
47,2016,1,10.4
48,2016,1,6.5
49,2016,1,9.5
50,2016,1,8.2
51,2016,1,9.8
52,2016,1,9.6
53,2016,1,6.9
54,2016,1,10.0
55,2016,1,10.0
56,2016,1,9.4
57,2016,1,10.2
58,2016,1,9.6
59,2016,1,12.8
60,2016,1,10.0
61,2016,1,9.5
62,2016,1,12.7
63,2016,1,8.9
64,2016,1,8.4
65,2016,1,11.2
66,2016,1,15.2
67,2016,1,8.9
68,2016,1,9.9
69,2016,1,9.2
70,2016,1,9.3
71,2016,1,9.2
72,2016,1,10.0
73,2016,1,8.0
74,2016,1,7.6
75,2016,1,8.0
76,2016,1,11.4
77,2016,1,8.0
78,2016,1,7.4
79,2016,1,7.9
80,2016,1,12.1
81,2016,1,10.9
82,2016,1,11.7
84,2016,1,13.0
85,2016,1,8.1
86,2016,1,8.5
87,2016,1,9.7
88,2016,1,11.4
89,2016,1,9.7
90,2016,1,11.1
91,2016,1,7.7
92,2016,1,7.7
93,2016,1,13.0
94,2016,1,8.9
95,2016,1,10.2
83,2016,1,10.9
ZA,2016,1,26.1
ZB,2016,1,18.3
ZC,2016,1,21.7
ZD,2016,1,23.3
01,2016,2,7.4
02,2016,2,13.6
03,2016,2,10.3
04,2016,2,11.0
05,2016,2,9.2
06,2016,2,10.3
07,2016,2,10.7
08,2016,2,11.9
09,2016,2,12.0
10,2016,2,12.6
11,2016,2,13.6
12,2016,2,7.3
13,2016,2,11.6
14,2016,2,9.4
15,2016,2,6.2
16,2016,2,9.8
17,2016,2,10.3
18,2016,2,10.5
19,2016,2,8.2
2A,2016,2,9.4
2B,2016,2,10.6
21,2016,2,8.6
22,2016,2,9.0
23,2016,2,9.2
24,2016,2,10.3
25,2016,2,9.2
26,2016,2,10.9
27,2016,2,10.2
28,2016,2,9.5
29,2016,2,9.0
30,2016,2,13.4
31,2016,2,10.2
32,2016,2,8.1
33,2016,2,10.0
34,2016,2,13.6
35,2016,2,7.9
36,2016,2,9.8
37,2016,2,9.1
38,2016,2,8.4
39,2016,2,7.6
40,2016,2,9.5
41,2016,2,8.7
42,2016,2,10.0
43,2016,2,8.2
44,2016,2,8.3
45,2016,2,10.0
46,2016,2,9.1
47,2016,2,10.3
48,2016,2,6.4
49,2016,2,9.3
50,2016,2,8.0
51,2016,2,9.6
52,2016,2,9.4
53,2016,2,6.7
54,2016,2,9.8
55,2016,2,9.8
56,2016,2,9.1
57,2016,2,10.1
58,2016,2,9.4
59,2016,2,12.6
60,2016,2,9.9
61,2016,2,9.3
62,2016,2,12.5
63,2016,2,8.7
64,2016,2,8.3
65,2016,2,11.2
66,2016,2,15.2
67,2016,2,8.8
68,2016,2,9.8
69,2016,2,9.0
70,2016,2,9.2
71,2016,2,9.2
72,2016,2,9.8
73,2016,2,7.9
74,2016,2,7.4
75,2016,2,7.8
76,2016,2,11.3
77,2016,2,7.9
78,2016,2,7.4
79,2016,2,7.8
80,2016,2,12.0
81,2016,2,10.7
82,2016,2,11.5
84,2016,2,12.8
85,2016,2,7.9
86,2016,2,8.5
87,2016,2,9.6
88,2016,2,11.0
89,2016,2,9.6
90,2016,2,10.9
91,2016,2,7.6
92,2016,2,7.5
93,2016,2,12.7
94,2016,2,8.8
95,2016,2,10.1
83,2016,2,10.7
ZA,2016,2,25.7
ZB,2016,2,18.4
ZC,2016,2,22.6
ZD,2016,2,21.9
01,2016,3,7.3
02,2016,3,13.4
03,2016,3,10.2
04,2016,3,10.9
05,2016,3,9.1
06,2016,3,10.1
07,2016,3,10.5
08,2016,3,11.8
09,2016,3,11.8
10,2016,3,12.4
11,2016,3,13.3
12,2016,3,7.2
13,2016,3,11.5
14,2016,3,9.2
15,2016,3,6.1
16,2016,3,9.5
17,2016,3,10.1
18,2016,3,10.2
19,2016,3,8.0
2A,2016,3,9.2
2B,2016,3,10.3
21,2016,3,8.3
22,2016,3,8.7
23,2016,3,9.0
24,2016,3,10.2
25,2016,3,9.0
26,2016,3,10.8
27,2016,3,10.1
28,2016,3,9.3
29,2016,3,8.7
30,2016,3,13.1
31,2016,3,9.9
32,2016,3,7.9
33,2016,3,9.8
34,2016,3,13.4
35,2016,3,7.7
36,2016,3,9.6
37,2016,3,9.0
38,2016,3,8.2
39,2016,3,7.5
40,2016,3,9.4
41,2016,3,8.5
42,2016,3,9.7
43,2016,3,8.1
44,2016,3,8.1
45,2016,3,9.9
46,2016,3,9.0
47,2016,3,10.0
48,2016,3,6.2
49,2016,3,9.1
50,2016,3,7.8
51,2016,3,9.3
52,2016,3,9.4
53,2016,3,6.7
54,2016,3,9.6
55,2016,3,9.6
56,2016,3,8.8
57,2016,3,10.0
58,2016,3,9.1
59,2016,3,12.4
60,2016,3,9.8
61,2016,3,9.1
62,2016,3,12.2
63,2016,3,8.6
64,2016,3,8.2
65,2016,3,11.1
66,2016,3,14.8
67,2016,3,8.6
68,2016,3,9.6
69,2016,3,8.8
70,2016,3,9.1
71,2016,3,8.9
72,2016,3,9.5
73,2016,3,7.9
74,2016,3,7.3
75,2016,3,7.7
76,2016,3,11.1
77,2016,3,7.8
78,2016,3,7.3
79,2016,3,7.8
80,2016,3,11.8
81,2016,3,10.5
82,2016,3,11.3
84,2016,3,12.6
85,2016,3,7.7
86,2016,3,8.2
87,2016,3,9.3
88,2016,3,10.7
89,2016,3,9.5
90,2016,3,10.6
91,2016,3,7.5
92,2016,3,7.4
93,2016,3,12.5
94,2016,3,8.7
95,2016,3,9.9
83,2016,3,10.6
ZA,2016,3,22.2
ZB,2016,3,17.6
ZC,2016,3,25.5
ZD,2016,3,21.8
01,2016,4,7.3
02,2016,4,13.7
03,2016,4,10.4
04,2016,4,11.2
05,2016,4,9.3
06,2016,4,10.5
07,2016,4,10.6
08,2016,4,12.1
09,2016,4,11.9
10,2016,4,12.9
11,2016,4,13.5
12,2016,4,7.3
13,2016,4,12.0
14,2016,4,9.3
15,2016,4,6.2
16,2016,4,9.6
17,2016,4,10.1
18,2016,4,10.3
19,2016,4,8.1
2A,2016,4,9.5
2B,2016,4,10.4
21,2016,4,8.3
22,2016,4,9.1
23,2016,4,8.9
24,2016,4,10.2
25,2016,4,9.0
26,2016,4,10.9
27,2016,4,10.3
28,2016,4,9.4
29,2016,4,8.9
30,2016,4,13.4
31,2016,4,9.9
32,2016,4,7.8
33,2016,4,10.0
34,2016,4,13.9
35,2016,4,7.9
36,2016,4,9.8
37,2016,4,9.1
38,2016,4,8.4
39,2016,4,7.3
40,2016,4,9.4
41,2016,4,8.6
42,2016,4,10.0
43,2016,4,8.2
44,2016,4,8.2
45,2016,4,9.8
46,2016,4,9.1
47,2016,4,9.9
48,2016,4,6.2
49,2016,4,9.1
50,2016,4,7.9
51,2016,4,9.5
52,2016,4,9.3
53,2016,4,6.7
54,2016,4,9.8
55,2016,4,9.6
56,2016,4,9.0
57,2016,4,10.2
58,2016,4,9.2
59,2016,4,12.6
60,2016,4,10.1
61,2016,4,9.2
62,2016,4,12.3
63,2016,4,8.8
64,2016,4,8.2
65,2016,4,11.2
66,2016,4,15.3
67,2016,4,8.7
68,2016,4,9.8
69,2016,4,9.0
70,2016,4,9.2
71,2016,4,8.8
72,2016,4,9.6
73,2016,4,8.0
74,2016,4,7.4
75,2016,4,7.9
76,2016,4,11.2
77,2016,4,8.0
78,2016,4,7.5
79,2016,4,7.9
80,2016,4,12.0
81,2016,4,10.6
82,2016,4,11.4
84,2016,4,12.9
85,2016,4,7.7
86,2016,4,8.3
87,2016,4,9.4
88,2016,4,10.7
89,2016,4,9.5
90,2016,4,10.7
91,2016,4,7.7
92,2016,4,7.6
93,2016,4,12.8
94,2016,4,8.9
95,2016,4,10.1
83,2016,4,10.9
ZA,2016,4,21.2
ZB,2016,4,16.7
ZC,2016,4,21.8
ZD,2016,4,22.0
01,2017,1,7.0
02,2017,1,13.2
03,2017,1,9.8
04,2017,1,10.7
05,2017,1,8.9
06,2017,1,10.0
07,2017,1,10.3
08,2017,1,11.5
09,2017,1,11.6
10,2017,1,12.4
11,2017,1,12.9
12,2017,1,7.1
13,2017,1,11.5
14,2017,1,8.9
15,2017,1,5.9
16,2017,1,9.1
17,2017,1,9.7
18,2017,1,9.9
19,2017,1,7.6
2A,2017,1,9.2
2B,2017,1,10.0
21,2017,1,8.0
22,2017,1,8.5
23,2017,1,8.6
24,2017,1,9.9
25,2017,1,8.7
26,2017,1,10.4
27,2017,1,9.7
28,2017,1,9.0
29,2017,1,8.4
30,2017,1,12.8
31,2017,1,9.5
32,2017,1,7.5
33,2017,1,9.6
34,2017,1,13.2
35,2017,1,7.5
36,2017,1,9.4
37,2017,1,8.7
38,2017,1,8.0
39,2017,1,7.1
40,2017,1,9.2
41,2017,1,8.2
42,2017,1,9.4
43,2017,1,7.7
44,2017,1,7.8
45,2017,1,9.3
46,2017,1,8.8
47,2017,1,9.5
48,2017,1,6.0
49,2017,1,8.7
50,2017,1,7.5
51,2017,1,9.1
52,2017,1,8.8
53,2017,1,6.4
54,2017,1,9.5
55,2017,1,9.3
56,2017,1,8.6
57,2017,1,9.9
58,2017,1,8.7
59,2017,1,12.3
60,2017,1,9.5
61,2017,1,8.8
62,2017,1,11.7
63,2017,1,8.4
64,2017,1,8.0
65,2017,1,10.7
66,2017,1,14.6
67,2017,1,8.4
68,2017,1,9.4
69,2017,1,8.5
70,2017,1,8.9
71,2017,1,8.6
72,2017,1,9.2
73,2017,1,7.6
74,2017,1,7.1
75,2017,1,7.5
76,2017,1,10.7
77,2017,1,7.6
78,2017,1,7.1
79,2017,1,7.5
80,2017,1,11.5
81,2017,1,10.3
82,2017,1,11.1
84,2017,1,12.2
85,2017,1,7.4
86,2017,1,7.9
87,2017,1,8.9
88,2017,1,10.3
89,2017,1,9.1
90,2017,1,10.3
91,2017,1,7.4
92,2017,1,7.2
93,2017,1,12.2
94,2017,1,8.5
95,2017,1,9.7
83,2017,1,10.4
ZA,2017,1,22.2
ZB,2017,1,18.7
ZC,2017,1,21.0
ZD,2017,1,21.3
01,2017,2,6.9
02,2017,2,13.1
03,2017,2,9.9
04,2017,2,10.8
05,2017,2,8.7
06,2017,2,9.9
07,2017,2,10.1
08,2017,2,11.3
09,2017,2,11.5
10,2017,2,12.1
11,2017,2,12.7
12,2017,2,7.0
13,2017,2,11.4
14,2017,2,8.8
15,2017,2,5.7
16,2017,2,9.1
17,2017,2,9.6
18,2017,2,9.8
19,2017,2,7.6
2A,2017,2,9.1
2B,2017,2,9.8
21,2017,2,7.9
22,2017,2,8.4
23,2017,2,8.6
24,2017,2,9.8
25,2017,2,8.5
26,2017,2,10.2
27,2017,2,9.6
28,2017,2,9.0
29,2017,2,8.3
30,2017,2,12.6
31,2017,2,9.4
32,2017,2,7.3
33,2017,2,9.5
34,2017,2,13.0
35,2017,2,7.3
36,2017,2,9.3
37,2017,2,8.7
38,2017,2,8.0
39,2017,2,7.0
40,2017,2,9.2
41,2017,2,8.1
42,2017,2,9.4
43,2017,2,7.5
44,2017,2,7.7
45,2017,2,9.3
46,2017,2,8.8
47,2017,2,9.3
48,2017,2,6.0
49,2017,2,8.6
50,2017,2,7.3
51,2017,2,9.0
52,2017,2,8.7
53,2017,2,6.3
54,2017,2,9.4
55,2017,2,9.1
56,2017,2,8.5
57,2017,2,9.8
58,2017,2,8.5
59,2017,2,12.4
60,2017,2,9.5
61,2017,2,8.8
62,2017,2,11.7
63,2017,2,8.2
64,2017,2,7.9
65,2017,2,10.4
66,2017,2,14.3
67,2017,2,8.2
68,2017,2,9.2
69,2017,2,8.5
70,2017,2,8.8
71,2017,2,8.4
72,2017,2,9.2
73,2017,2,7.4
74,2017,2,6.9
75,2017,2,7.4
76,2017,2,10.7
77,2017,2,7.6
78,2017,2,7.0
79,2017,2,7.3
80,2017,2,11.4
81,2017,2,10.1
82,2017,2,10.9
84,2017,2,12.0
85,2017,2,7.2
86,2017,2,7.7
87,2017,2,8.8
88,2017,2,10.2
89,2017,2,8.9
90,2017,2,9.9
91,2017,2,7.3
92,2017,2,7.1
93,2017,2,12.0
94,2017,2,8.4
95,2017,2,9.6
83,2017,2,10.3
ZA,2017,2,23.2
ZB,2017,2,18.3
ZC,2017,2,23.1
ZD,2017,2,24.0
01,2017,3,6.8
02,2017,3,13.1
03,2017,3,9.8
04,2017,3,10.9
05,2017,3,8.7
06,2017,3,9.9
07,2017,3,10.1
08,2017,3,11.0
09,2017,3,11.7
10,2017,3,12.0
11,2017,3,12.7
12,2017,3,7.0
13,2017,3,11.4
14,2017,3,8.8
15,2017,3,5.7
16,2017,3,9.0
17,2017,3,9.6
18,2017,3,9.8
19,2017,3,7.5
2A,2017,3,9.4
2B,2017,3,9.8
21,2017,3,7.9
22,2017,3,8.4
23,2017,3,8.6
24,2017,3,9.7
25,2017,3,8.2
26,2017,3,10.2
27,2017,3,9.7
28,2017,3,9.0
29,2017,3,8.3
30,2017,3,12.6
31,2017,3,9.3
32,2017,3,7.3
33,2017,3,9.4
34,2017,3,13.1
35,2017,3,7.2
36,2017,3,9.1
37,2017,3,8.5
38,2017,3,7.9
39,2017,3,6.9
40,2017,3,9.1
41,2017,3,8.0
42,2017,3,9.3
43,2017,3,7.4
44,2017,3,7.6
45,2017,3,9.1
46,2017,3,9.0
47,2017,3,9.3
48,2017,3,6.2
49,2017,3,8.6
50,2017,3,7.2
51,2017,3,8.9
52,2017,3,8.6
53,2017,3,6.2
54,2017,3,9.3
55,2017,3,9.0
56,2017,3,8.5
57,2017,3,9.6
58,2017,3,8.5
59,2017,3,12.4
60,2017,3,9.5
61,2017,3,8.7
62,2017,3,11.6
63,2017,3,8.3
64,2017,3,7.9
65,2017,3,10.2
66,2017,3,14.3
67,2017,3,8.2
68,2017,3,9.0
69,2017,3,8.5
70,2017,3,8.6
71,2017,3,8.4
72,2017,3,9.1
73,2017,3,7.3
74,2017,3,6.9
75,2017,3,7.5
76,2017,3,10.8
77,2017,3,7.6
78,2017,3,7.1
79,2017,3,7.2
80,2017,3,11.4
81,2017,3,10.1
82,2017,3,10.9
84,2017,3,12.0
85,2017,3,7.1
86,2017,3,7.6
87,2017,3,8.7
88,2017,3,10.0
89,2017,3,8.8
90,2017,3,9.5
91,2017,3,7.3
92,2017,3,7.2
93,2017,3,12.1
94,2017,3,8.5
95,2017,3,9.6
83,2017,3,10.2
ZA,2017,3,21.5
ZB,2017,3,17.5
ZC,2017,3,22.9
ZD,2017,3,22.4
01,2017,4,6.3
02,2017,4,12.5
03,2017,4,9.3
04,2017,4,10.4
05,2017,4,8.4
06,2017,4,9.4
07,2017,4,9.8
08,2017,4,10.4
09,2017,4,11.1
10,2017,4,11.3
11,2017,4,12.3
12,2017,4,6.6
13,2017,4,10.9
14,2017,4,8.3
15,2017,4,5.3
16,2017,4,8.5
17,2017,4,9.0
18,2017,4,9.4
19,2017,4,7.1
2A,2017,4,8.7
2B,2017,4,9.4
21,2017,4,7.4
22,2017,4,8.0
23,2017,4,8.3
24,2017,4,9.2
25,2017,4,7.6
26,2017,4,9.7
27,2017,4,9.0
28,2017,4,8.4
29,2017,4,7.8
30,2017,4,12.2
31,2017,4,8.6
32,2017,4,6.8
33,2017,4,9.0
34,2017,4,12.6
35,2017,4,6.8
36,2017,4,8.6
37,2017,4,8.1
38,2017,4,7.4
39,2017,4,6.4
40,2017,4,8.6
41,2017,4,7.7
42,2017,4,8.7
43,2017,4,7.0
44,2017,4,7.1
45,2017,4,8.5
46,2017,4,8.5
47,2017,4,8.9
48,2017,4,5.6
49,2017,4,8.1
50,2017,4,6.9
51,2017,4,8.3
52,2017,4,8.1
53,2017,4,5.7
54,2017,4,8.8
55,2017,4,8.5
56,2017,4,8.0
57,2017,4,8.9
58,2017,4,7.9
59,2017,4,11.7
60,2017,4,9.1
61,2017,4,8.2
62,2017,4,11.0
63,2017,4,7.7
64,2017,4,7.4
65,2017,4,9.9
66,2017,4,14.1
67,2017,4,7.6
68,2017,4,8.4
69,2017,4,8.0
70,2017,4,7.9
71,2017,4,7.9
72,2017,4,8.5
73,2017,4,6.9
74,2017,4,6.4
75,2017,4,7.1
76,2017,4,10.2
77,2017,4,7.2
78,2017,4,6.7
79,2017,4,6.8
80,2017,4,10.7
81,2017,4,9.6
82,2017,4,10.4
84,2017,4,11.7
85,2017,4,6.8
86,2017,4,7.2
87,2017,4,8.3
88,2017,4,9.4
89,2017,4,8.3
90,2017,4,8.7
91,2017,4,6.9
92,2017,4,6.8
93,2017,4,11.6
94,2017,4,8.1
95,2017,4,9.2
83,2017,4,9.8
ZA,2017,4,22.5
ZB,2017,4,16.9
ZC,2017,4,20.5
ZD,2017,4,22.8
01,2018,1,6.4
02,2018,1,12.9
03,2018,1,9.6
04,2018,1,10.7
05,2018,1,8.6
06,2018,1,9.7
07,2018,1,10.1
08,2018,1,10.7
09,2018,1,11.4
10,2018,1,11.9
11,2018,1,12.6
12,2018,1,6.7
13,2018,1,11.3
14,2018,1,8.6
15,2018,1,5.4
16,2018,1,8.8
17,2018,1,9.3
18,2018,1,9.7
19,2018,1,7.4
2A,2018,1,8.8
2B,2018,1,9.8
21,2018,1,7.6
22,2018,1,8.2
23,2018,1,8.7
24,2018,1,9.4
25,2018,1,7.9
26,2018,1,9.9
27,2018,1,9.3
28,2018,1,8.7
29,2018,1,8.0
30,2018,1,12.6
31,2018,1,8.8
32,2018,1,6.9
33,2018,1,9.1
34,2018,1,12.9
35,2018,1,7.0
36,2018,1,9.0
37,2018,1,8.3
38,2018,1,7.6
39,2018,1,6.6
40,2018,1,8.8
41,2018,1,7.9
42,2018,1,8.9
43,2018,1,7.2
44,2018,1,7.4
45,2018,1,8.8
46,2018,1,8.7
47,2018,1,9.2
48,2018,1,5.9
49,2018,1,8.3
50,2018,1,7.0
51,2018,1,8.7
52,2018,1,8.5
53,2018,1,5.9
54,2018,1,9.1
55,2018,1,9.0
56,2018,1,8.1
57,2018,1,9.2
58,2018,1,8.0
59,2018,1,12.4
60,2018,1,9.3
61,2018,1,8.5
62,2018,1,11.4
63,2018,1,8.0
64,2018,1,7.7
65,2018,1,9.9
66,2018,1,14.3
67,2018,1,7.8
68,2018,1,8.5
69,2018,1,8.2
70,2018,1,8.3
71,2018,1,8.0
72,2018,1,8.8
73,2018,1,6.9
74,2018,1,6.6
75,2018,1,7.2
76,2018,1,10.4
77,2018,1,7.4
78,2018,1,7.1
79,2018,1,7.0
80,2018,1,11.0
81,2018,1,9.9
82,2018,1,10.8
84,2018,1,11.9
85,2018,1,6.9
86,2018,1,7.5
87,2018,1,8.4
88,2018,1,9.7
89,2018,1,8.6
90,2018,1,9.1
91,2018,1,7.2
92,2018,1,7.0
93,2018,1,12.0
94,2018,1,8.3
95,2018,1,9.4
83,2018,1,10.1
ZA,2018,1,24.0
ZB,2018,1,15.7
ZC,2018,1,18.0
ZD,2018,1,23.8
01,2018,2,6.3
02,2018,2,12.5
03,2018,2,9.4
04,2018,2,10.5
05,2018,2,8.5
06,2018,2,9.4
07,2018,2,9.8
08,2018,2,10.5
09,2018,2,11.3
10,2018,2,11.4
11,2018,2,12.3
12,2018,2,6.7
13,2018,2,11.0
14,2018,2,8.5
15,2018,2,5.4
16,2018,2,8.7
17,2018,2,9.1
18,2018,2,9.4
19,2018,2,7.3
2A,2018,2,8.3
2B,2018,2,9.4
21,2018,2,7.4
22,2018,2,8.0
23,2018,2,8.6
24,2018,2,9.2
25,2018,2,7.8
26,2018,2,9.9
27,2018,2,9.2
28,2018,2,8.6
29,2018,2,7.9
30,2018,2,12.2
31,2018,2,8.7
32,2018,2,6.8
33,2018,2,8.9
34,2018,2,12.6
35,2018,2,6.9
36,2018,2,8.8
37,2018,2,8.2
38,2018,2,7.4
39,2018,2,6.5
40,2018,2,8.6
41,2018,2,7.8
42,2018,2,8.8
43,2018,2,7.2
44,2018,2,7.3
45,2018,2,8.7
46,2018,2,8.7
47,2018,2,8.9
48,2018,2,5.7
49,2018,2,8.2
50,2018,2,6.8
51,2018,2,8.4
52,2018,2,8.2
53,2018,2,5.9
54,2018,2,8.8
55,2018,2,8.7
56,2018,2,8.0
57,2018,2,9.0
58,2018,2,7.8
59,2018,2,12.0
60,2018,2,9.2
61,2018,2,8.3
62,2018,2,11.2
63,2018,2,7.9
64,2018,2,7.6
65,2018,2,9.8
66,2018,2,14.1
67,2018,2,7.6
68,2018,2,8.4
69,2018,2,8.1
70,2018,2,8.0
71,2018,2,7.9
72,2018,2,8.7
73,2018,2,6.9
74,2018,2,6.5
75,2018,2,7.1
76,2018,2,10.2
77,2018,2,7.4
78,2018,2,6.9
79,2018,2,6.8
80,2018,2,10.8
81,2018,2,9.7
82,2018,2,10.5
84,2018,2,11.7
85,2018,2,6.7
86,2018,2,7.5
87,2018,2,8.2
88,2018,2,9.5
89,2018,2,8.3
90,2018,2,9.2
91,2018,2,7.1
92,2018,2,7.0
93,2018,2,11.8
94,2018,2,8.2
95,2018,2,9.3
83,2018,2,9.9
ZA,2018,2,21.0
ZB,2018,2,18.3
ZC,2018,2,19.3
ZD,2018,2,24.3
01,2018,3,6.3
02,2018,3,12.1
03,2018,3,9.3
04,2018,3,10.3
05,2018,3,8.5
06,2018,3,9.2
07,2018,3,9.7
08,2018,3,10.3
09,2018,3,11.1
10,2018,3,11.0
11,2018,3,12.3
12,2018,3,6.5
13,2018,3,10.8
14,2018,3,8.3
15,2018,3,5.3
16,2018,3,8.5
17,2018,3,8.9
18,2018,3,9.2
19,2018,3,7.1
2A,2018,3,8.0
2B,2018,3,9.1
21,2018,3,7.3
22,2018,3,7.8
23,2018,3,8.4
24,2018,3,9.0
25,2018,3,7.7
26,2018,3,9.7
27,2018,3,9.0
28,2018,3,8.4
29,2018,3,7.8
30,2018,3,12.1
31,2018,3,8.5
32,2018,3,6.7
33,2018,3,8.6
34,2018,3,12.5
35,2018,3,6.8
36,2018,3,8.8
37,2018,3,8.1
38,2018,3,7.3
39,2018,3,6.3
40,2018,3,8.4
41,2018,3,7.7
42,2018,3,8.7
43,2018,3,7.0
44,2018,3,7.1
45,2018,3,8.8
46,2018,3,8.5
47,2018,3,8.8
48,2018,3,5.8
49,2018,3,8.1
50,2018,3,6.7
51,2018,3,8.2
52,2018,3,7.9
53,2018,3,5.8
54,2018,3,8.5
55,2018,3,8.4
56,2018,3,7.8
57,2018,3,8.7
58,2018,3,7.7
59,2018,3,11.7
60,2018,3,8.8
61,2018,3,8.2
62,2018,3,11.0
63,2018,3,7.7
64,2018,3,7.4
65,2018,3,9.6
66,2018,3,14.0
67,2018,3,7.4
68,2018,3,8.3
69,2018,3,8.0
70,2018,3,7.9
71,2018,3,7.8
72,2018,3,8.5
73,2018,3,6.8
74,2018,3,6.4
75,2018,3,7.0
76,2018,3,10.0
77,2018,3,7.2
78,2018,3,6.8
79,2018,3,6.6
80,2018,3,10.7
81,2018,3,9.5
82,2018,3,10.2
84,2018,3,11.5
85,2018,3,6.6
86,2018,3,7.3
87,2018,3,8.0
88,2018,3,9.3
89,2018,3,8.1
90,2018,3,9.3
91,2018,3,6.9
92,2018,3,6.8
93,2018,3,11.5
94,2018,3,7.9
95,2018,3,9.1
83,2018,3,9.7
ZA,2018,3,23.5
ZB,2018,3,17.0
ZC,2018,3,19.5
ZD,2018,3,24.3
01,2018,4,6.2
02,2018,4,12.0
03,2018,4,9.1
04,2018,4,10.2
05,2018,4,8.3
06,2018,4,9.1
07,2018,4,9.6
08,2018,4,10.2
09,2018,4,10.9
10,2018,4,11.1
11,2018,4,12.1
12,2018,4,6.4
13,2018,4,10.6
14,2018,4,8.1
15,2018,4,5.1
16,2018,4,8.4
17,2018,4,8.8
18,2018,4,9.0
19,2018,4,6.9
2A,2018,4,8.1
2B,2018,4,9.0
21,2018,4,7.1
22,2018,4,7.7
23,2018,4,8.3
24,2018,4,8.8
25,2018,4,7.5
26,2018,4,9.5
27,2018,4,8.8
28,2018,4,8.3
29,2018,4,7.6
30,2018,4,11.9
31,2018,4,8.2
32,2018,4,6.5
33,2018,4,8.4
34,2018,4,12.2
35,2018,4,6.6
36,2018,4,8.6
37,2018,4,8.0
38,2018,4,7.1
39,2018,4,6.2
40,2018,4,8.2
41,2018,4,7.5
42,2018,4,8.5
43,2018,4,6.8
44,2018,4,7.0
45,2018,4,8.6
46,2018,4,8.5
47,2018,4,8.7
48,2018,4,5.6
49,2018,4,7.9
50,2018,4,6.5
51,2018,4,8.2
52,2018,4,7.8
53,2018,4,5.7
54,2018,4,8.3
55,2018,4,8.3
56,2018,4,7.6
57,2018,4,8.5
58,2018,4,7.4
59,2018,4,11.5
60,2018,4,8.6
61,2018,4,8.1
62,2018,4,10.7
63,2018,4,7.5
64,2018,4,7.3
65,2018,4,9.6
66,2018,4,13.9
67,2018,4,7.3
68,2018,4,8.1
69,2018,4,7.8
70,2018,4,7.7
71,2018,4,7.6
72,2018,4,8.4
73,2018,4,6.6
74,2018,4,6.3
75,2018,4,6.8
76,2018,4,9.8
77,2018,4,7.1
78,2018,4,6.6
79,2018,4,6.6
80,2018,4,10.6
81,2018,4,9.3
82,2018,4,10.1
84,2018,4,11.4
85,2018,4,6.6
86,2018,4,7.2
87,2018,4,8.0
88,2018,4,9.1
89,2018,4,7.9
90,2018,4,9.0
91,2018,4,6.8
92,2018,4,6.7
93,2018,4,11.3
94,2018,4,7.8
95,2018,4,8.9
83,2018,4,9.5
ZA,2018,4,22.0
ZB,2018,4,18.3
ZC,2018,4,19.1
ZD,2018,4,23.5
01,2019,1,6.2
02,2019,1,12.1
03,2019,1,9.2
04,2019,1,10.1
05,2019,1,8.2
06,2019,1,9.1
07,2019,1,9.5
08,2019,1,10.2
09,2019,1,11.0
10,2019,1,11.2
11,2019,1,12.2
12,2019,1,6.5
13,2019,1,10.6
14,2019,1,8.0
15,2019,1,5.1
16,2019,1,8.3
17,2019,1,8.8
18,2019,1,9.0
19,2019,1,6.9
2A,2019,1,8.2
2B,2019,1,9.0
21,2019,1,7.1
22,2019,1,7.7
23,2019,1,8.3
24,2019,1,8.8
25,2019,1,7.6
26,2019,1,9.5
27,2019,1,8.7
28,2019,1,8.4
29,2019,1,7.6
30,2019,1,12.2
31,2019,1,8.3
32,2019,1,6.6
33,2019,1,8.4
34,2019,1,12.3
35,2019,1,6.6
36,2019,1,8.5
37,2019,1,8.0
38,2019,1,7.1
39,2019,1,6.3
40,2019,1,8.2
41,2019,1,7.5
42,2019,1,8.5
43,2019,1,6.8
44,2019,1,7.0
45,2019,1,8.7
46,2019,1,8.6
47,2019,1,8.9
48,2019,1,5.6
49,2019,1,7.8
50,2019,1,6.4
51,2019,1,8.1
52,2019,1,7.8
53,2019,1,5.8
54,2019,1,8.3
55,2019,1,8.3
56,2019,1,7.6
57,2019,1,8.5
58,2019,1,7.5
59,2019,1,11.6
60,2019,1,8.6
61,2019,1,8.0
62,2019,1,10.7
63,2019,1,7.5
64,2019,1,7.3
65,2019,1,9.7
66,2019,1,14.0
67,2019,1,7.3
68,2019,1,8.1
69,2019,1,7.8
70,2019,1,8.0
71,2019,1,7.7
72,2019,1,8.5
73,2019,1,6.6
74,2019,1,6.4
75,2019,1,6.8
76,2019,1,9.7
77,2019,1,7.1
78,2019,1,6.7
79,2019,1,6.5
80,2019,1,10.5
81,2019,1,9.4
82,2019,1,10.0
84,2019,1,11.5
85,2019,1,6.7
86,2019,1,7.2
87,2019,1,7.9
88,2019,1,9.1
89,2019,1,8.0
90,2019,1,9.1
91,2019,1,6.8
92,2019,1,6.7
93,2019,1,11.3
94,2019,1,7.7
95,2019,1,8.8
83,2019,1,9.6
ZA,2019,1,21.8
ZB,2019,1,16.2
ZC,2019,1,17.6
ZD,2019,1,22.3
01,2019,2,6.0
02,2019,2,11.6
03,2019,2,8.9
04,2019,2,9.8
05,2019,2,8.0
06,2019,2,8.8
07,2019,2,9.0
08,2019,2,9.9
09,2019,2,10.6
10,2019,2,10.7
11,2019,2,11.6
12,2019,2,6.3
13,2019,2,10.1
14,2019,2,7.7
15,2019,2,4.9
16,2019,2,8.1
17,2019,2,8.4
18,2019,2,8.7
19,2019,2,6.7
2A,2019,2,7.5
2B,2019,2,8.4
21,2019,2,6.9
22,2019,2,7.5
23,2019,2,7.9
24,2019,2,8.6
25,2019,2,7.6
26,2019,2,9.2
27,2019,2,8.4
28,2019,2,8.2
29,2019,2,7.3
30,2019,2,11.7
31,2019,2,8.1
32,2019,2,6.3
33,2019,2,8.2
34,2019,2,11.8
35,2019,2,6.4
36,2019,2,8.1
37,2019,2,7.7
38,2019,2,6.9
39,2019,2,6.1
40,2019,2,7.9
41,2019,2,7.2
42,2019,2,8.2
43,2019,2,6.6
44,2019,2,6.8
45,2019,2,8.5
46,2019,2,8.3
47,2019,2,8.6
48,2019,2,5.4
49,2019,2,7.7
50,2019,2,6.1
51,2019,2,7.9
52,2019,2,7.5
53,2019,2,5.5
54,2019,2,8.0
55,2019,2,7.9
56,2019,2,7.3
57,2019,2,8.2
58,2019,2,7.3
59,2019,2,10.9
60,2019,2,8.3
61,2019,2,7.8
62,2019,2,10.3
63,2019,2,7.3
64,2019,2,7.0
65,2019,2,9.3
66,2019,2,13.6
67,2019,2,7.2
68,2019,2,7.9
69,2019,2,7.6
70,2019,2,7.8
71,2019,2,7.5
72,2019,2,8.3
73,2019,2,6.4
74,2019,2,6.1
75,2019,2,6.5
76,2019,2,9.5
77,2019,2,6.9
78,2019,2,6.4
79,2019,2,6.2
80,2019,2,10.2
81,2019,2,8.9
82,2019,2,9.6
84,2019,2,11.0
85,2019,2,6.4
86,2019,2,6.9
87,2019,2,7.7
88,2019,2,8.9
89,2019,2,7.8
90,2019,2,8.9
91,2019,2,6.6
92,2019,2,6.5
93,2019,2,10.9
94,2019,2,7.4
95,2019,2,8.5
83,2019,2,9.2
ZA,2019,2,19.5
ZB,2019,2,14.4
ZC,2019,2,19.9
ZD,2019,2,22.1
01,2019,3,6.0
02,2019,3,11.4
03,2019,3,8.8
04,2019,3,9.7
05,2019,3,7.9
06,2019,3,8.7
07,2019,3,9.0
08,2019,3,10.0
09,2019,3,10.5
10,2019,3,10.5
11,2019,3,11.4
12,2019,3,6.3
13,2019,3,10.0
14,2019,3,7.6
15,2019,3,4.9
16,2019,3,8.0
17,2019,3,8.4
18,2019,3,8.7
19,2019,3,6.7
2A,2019,3,7.4
2B,2019,3,8.2
21,2019,3,6.8
22,2019,3,7.4
23,2019,3,7.7
24,2019,3,8.5
25,2019,3,7.6
26,2019,3,9.1
27,2019,3,8.3
28,2019,3,8.2
29,2019,3,7.3
30,2019,3,11.5
31,2019,3,8.0
32,2019,3,6.3
33,2019,3,8.0
34,2019,3,11.7
35,2019,3,6.4
36,2019,3,8.1
37,2019,3,7.7
38,2019,3,6.9
39,2019,3,6.1
40,2019,3,8.0
41,2019,3,7.1
42,2019,3,8.2
43,2019,3,6.6
44,2019,3,6.8
45,2019,3,8.3
46,2019,3,8.2
47,2019,3,8.5
48,2019,3,5.3
49,2019,3,7.5
50,2019,3,6.0
51,2019,3,7.8
52,2019,3,7.3
53,2019,3,5.5
54,2019,3,7.9
55,2019,3,7.8
56,2019,3,7.2
57,2019,3,8.2
58,2019,3,7.3
59,2019,3,10.7
60,2019,3,8.2
61,2019,3,7.6
62,2019,3,10.0
63,2019,3,7.3
64,2019,3,6.9
65,2019,3,9.0
66,2019,3,13.4
67,2019,3,7.1
68,2019,3,8.0
69,2019,3,7.5
70,2019,3,7.6
71,2019,3,7.5
72,2019,3,8.2
73,2019,3,6.5
74,2019,3,6.2
75,2019,3,6.6
76,2019,3,9.3
77,2019,3,6.8
78,2019,3,6.4
79,2019,3,6.1
80,2019,3,9.8
81,2019,3,8.7
82,2019,3,9.4
84,2019,3,10.8
85,2019,3,6.4
86,2019,3,6.8
87,2019,3,7.6
88,2019,3,8.9
89,2019,3,7.8
90,2019,3,8.9
91,2019,3,6.6
92,2019,3,6.5
93,2019,3,10.8
94,2019,3,7.4
95,2019,3,8.4
83,2019,3,9.0
ZA,2019,3,20.6
ZB,2019,3,13.9
ZC,2019,3,20.4
ZD,2019,3,20.4
01,2019,4,6.0
02,2019,4,11.3
03,2019,4,8.7
04,2019,4,9.4
05,2019,4,7.8
06,2019,4,8.4
07,2019,4,9.0
08,2019,4,9.9
09,2019,4,10.3
10,2019,4,10.3
11,2019,4,11.0
12,2019,4,6.3
13,2019,4,9.7
14,2019,4,7.5
15,2019,4,4.8
16,2019,4,7.9
17,2019,4,8.2
18,2019,4,8.6
19,2019,4,6.7
2A,2019,4,7.6
2B,2019,4,8.2
21,2019,4,6.6
22,2019,4,7.1
23,2019,4,7.6
24,2019,4,8.2
25,2019,4,7.5
26,2019,4,8.9
27,2019,4,8.1
28,2019,4,7.9
29,2019,4,7.1
30,2019,4,11.2
31,2019,4,7.9
32,2019,4,6.2
33,2019,4,7.8
34,2019,4,11.4
35,2019,4,6.3
36,2019,4,7.9
37,2019,4,7.6
38,2019,4,6.7
39,2019,4,6.0
40,2019,4,7.8
41,2019,4,6.8
42,2019,4,8.2
43,2019,4,6.5
44,2019,4,6.7
45,2019,4,8.0
46,2019,4,8.0
47,2019,4,8.2
48,2019,4,5.2
49,2019,4,7.6
50,2019,4,6.0
51,2019,4,7.6
52,2019,4,7.2
53,2019,4,5.6
54,2019,4,7.9
55,2019,4,7.5
56,2019,4,7.0
57,2019,4,8.0
58,2019,4,7.1
59,2019,4,10.6
60,2019,4,8.1
61,2019,4,7.6
62,2019,4,9.9
63,2019,4,7.1
64,2019,4,6.7
65,2019,4,9.1
66,2019,4,13.2
67,2019,4,6.9
68,2019,4,7.8
69,2019,4,7.4
70,2019,4,7.3
71,2019,4,7.4
72,2019,4,8.3
73,2019,4,6.2
74,2019,4,6.0
75,2019,4,6.3
76,2019,4,9.3
77,2019,4,6.8
78,2019,4,6.3
79,2019,4,6.0
80,2019,4,9.7
81,2019,4,8.7
82,2019,4,9.4
84,2019,4,10.6
85,2019,4,6.3
86,2019,4,6.6
87,2019,4,7.4
88,2019,4,8.7
89,2019,4,7.6
90,2019,4,8.9
91,2019,4,6.5
92,2019,4,6.3
93,2019,4,10.6
94,2019,4,7.3
95,2019,4,8.3
83,2019,4,8.7
ZA,2019,4,20.8
ZB,2019,4,15.3
ZC,2019,4,19.6
ZD,2019,4,20.1
01,2020,1,5.8
02,2020,1,11.2
03,2020,1,8.3
04,2020,1,8.9
05,2020,1,7.4
06,2020,1,8.2
07,2020,1,8.7
08,2020,1,9.8
09,2020,1,9.9
10,2020,1,10.1
11,2020,1,10.7
12,2020,1,5.9
13,2020,1,9.4
14,2020,1,7.2
15,2020,1,4.6
16,2020,1,7.7
17,2020,1,8.0
18,2020,1,8.3
19,2020,1,6.4
2A,2020,1,7.3
2B,2020,1,7.8
21,2020,1,6.2
22,2020,1,6.9
23,2020,1,7.3
24,2020,1,7.8
25,2020,1,7.2
26,2020,1,8.5
27,2020,1,7.8
28,2020,1,7.5
29,2020,1,6.9
30,2020,1,10.8
31,2020,1,7.6
32,2020,1,5.8
33,2020,1,7.4
34,2020,1,11.1
35,2020,1,6.2
36,2020,1,7.7
37,2020,1,7.1
38,2020,1,6.4
39,2020,1,5.6
40,2020,1,7.5
41,2020,1,6.5
42,2020,1,7.8
43,2020,1,6.1
44,2020,1,6.5
45,2020,1,7.7
46,2020,1,7.7
47,2020,1,7.9
48,2020,1,5.1
49,2020,1,7.4
50,2020,1,5.8
51,2020,1,7.4
52,2020,1,7.0
53,2020,1,5.6
54,2020,1,7.7
55,2020,1,7.4
56,2020,1,6.8
57,2020,1,7.7
58,2020,1,6.7
59,2020,1,10.3
60,2020,1,7.9
61,2020,1,7.4
62,2020,1,9.5
63,2020,1,6.8
64,2020,1,6.5
65,2020,1,8.6
66,2020,1,12.6
67,2020,1,6.7
68,2020,1,7.7
69,2020,1,7.1
70,2020,1,6.9
71,2020,1,7.0
72,2020,1,8.0
73,2020,1,6.1
74,2020,1,5.9
75,2020,1,6.1
76,2020,1,9.0
77,2020,1,6.6
78,2020,1,6.2
79,2020,1,5.8
80,2020,1,9.3
81,2020,1,8.4
82,2020,1,9.0
84,2020,1,10.2
85,2020,1,6.2
86,2020,1,6.3
87,2020,1,7.1
88,2020,1,8.3
89,2020,1,7.2
90,2020,1,8.6
91,2020,1,6.4
92,2020,1,6.1
93,2020,1,10.3
94,2020,1,7.1
95,2020,1,8.1
83,2020,1,8.3
ZA,2020,1,18.9
ZB,2020,1,11.7
ZC,2020,1,16.5
ZD,2020,1,18.9
01,2020,2,5.6
02,2020,2,9.6
03,2020,2,7.8
04,2020,2,8.4
05,2020,2,7.1
06,2020,2,8.0
07,2020,2,7.9
08,2020,2,8.5
09,2020,2,8.7
10,2020,2,8.8
11,2020,2,9.5
12,2020,2,5.6
13,2020,2,8.4
14,2020,2,6.9
15,2020,2,4.4
16,2020,2,7.2
17,2020,2,7.7
18,2020,2,7.3
19,2020,2,5.8
2A,2020,2,7.5
2B,2020,2,7.6
21,2020,2,5.7
22,2020,2,6.6
23,2020,2,6.3
24,2020,2,7.4
25,2020,2,6.9
26,2020,2,7.9
27,2020,2,7.3
28,2020,2,6.7
29,2020,2,6.5
30,2020,2,9.5
31,2020,2,7.1
32,2020,2,5.3
33,2020,2,7.0
34,2020,2,10.1
35,2020,2,6.1
36,2020,2,7.4
37,2020,2,6.7
38,2020,2,6.1
39,2020,2,5.5
40,2020,2,7.2
41,2020,2,6.2
42,2020,2,7.3
43,2020,2,5.8
44,2020,2,6.4
45,2020,2,7.1
46,2020,2,7.3
47,2020,2,7.1
48,2020,2,4.9
49,2020,2,7.1
50,2020,2,5.7
51,2020,2,6.8
52,2020,2,6.5
53,2020,2,5.6
54,2020,2,6.7
55,2020,2,6.5
56,2020,2,6.5
57,2020,2,7.0
58,2020,2,6.2
59,2020,2,8.8
60,2020,2,7.4
61,2020,2,6.8
62,2020,2,8.7
63,2020,2,6.3
64,2020,2,6.2
65,2020,2,8.4
66,2020,2,11.1
67,2020,2,6.3
68,2020,2,7.1
69,2020,2,6.6
70,2020,2,6.6
71,2020,2,6.5
72,2020,2,7.6
73,2020,2,5.9
74,2020,2,5.8
75,2020,2,5.6
76,2020,2,8.3
77,2020,2,6.1
78,2020,2,5.5
79,2020,2,5.6
80,2020,2,8.5
81,2020,2,7.4
82,2020,2,7.9
84,2020,2,9.2
85,2020,2,6.3
86,2020,2,6.2
87,2020,2,6.6
88,2020,2,7.7
89,2020,2,6.7
90,2020,2,8.2
91,2020,2,5.8
92,2020,2,5.4
93,2020,2,9.2
94,2020,2,6.4
95,2020,2,7.3
83,2020,2,7.8
ZA,2020,2,11.4
ZB,2020,2,8.2
ZC,2020,2,8.5
ZD,2020,2,13.4
01,2020,3,6.8
02,2020,3,12.0
03,2020,3,9.4
04,2020,3,10.2
05,2020,3,8.4
06,2020,3,10.0
07,2020,3,9.6
08,2020,3,10.6
09,2020,3,10.9
10,2020,3,10.8
11,2020,3,11.8
12,2020,3,6.8
13,2020,3,10.3
14,2020,3,8.2
15,2020,3,5.4
16,2020,3,8.7
17,2020,3,9.1
18,2020,3,8.8
19,2020,3,7.2
2A,2020,3,9.2
2B,2020,3,9.5
21,2020,3,7.0
22,2020,3,7.8
23,2020,3,7.8
24,2020,3,8.9
25,2020,3,8.5
26,2020,3,9.5
27,2020,3,8.8
28,2020,3,8.1
29,2020,3,7.7
30,2020,3,11.7
31,2020,3,8.9
32,2020,3,6.8
33,2020,3,8.5
34,2020,3,12.2
35,2020,3,7.2
36,2020,3,8.7
37,2020,3,7.9
38,2020,3,7.4
39,2020,3,6.5
40,2020,3,8.7
41,2020,3,7.3
42,2020,3,8.7
43,2020,3,6.9
44,2020,3,7.6
45,2020,3,8.4
46,2020,3,8.9
47,2020,3,8.7
48,2020,3,5.7
49,2020,3,8.3
50,2020,3,6.6
51,2020,3,8.5
52,2020,3,8.0
53,2020,3,6.4
54,2020,3,8.3
55,2020,3,8.2
56,2020,3,7.6
57,2020,3,8.6
58,2020,3,7.6
59,2020,3,11.0
60,2020,3,9.0
61,2020,3,8.2
62,2020,3,10.4
63,2020,3,7.7
64,2020,3,7.5
65,2020,3,10.5
66,2020,3,13.9
67,2020,3,7.7
68,2020,3,8.9
69,2020,3,8.1
70,2020,3,7.9
71,2020,3,7.7
72,2020,3,9.1
73,2020,3,7.0
74,2020,3,7.3
75,2020,3,7.4
76,2020,3,9.9
77,2020,3,7.7
78,2020,3,7.1
79,2020,3,6.7
80,2020,3,10.5
81,2020,3,9.0
82,2020,3,9.9
84,2020,3,11.4
85,2020,3,7.1
86,2020,3,7.3
87,2020,3,8.1
88,2020,3,9.2
89,2020,3,8.0
90,2020,3,10.3
91,2020,3,7.5
92,2020,3,7.2
93,2020,3,11.9
94,2020,3,8.4
95,2020,3,9.5
83,2020,3,9.4
ZA,2020,3,19.5
ZB,2020,3,15.5
ZC,2020,3,19.3
ZD,2020,3,19.5
01,2020,4,6.1
02,2020,4,11.0
03,2020,4,8.3
04,2020,4,9.0
05,2020,4,7.8
06,2020,4,8.9
07,2020,4,8.6
08,2020,4,9.5
09,2020,4,9.8
10,2020,4,10.0
11,2020,4,10.7
12,2020,4,6.2
13,2020,4,9.3
14,2020,4,7.3
15,2020,4,4.6
16,2020,4,7.5
17,2020,4,7.9
18,2020,4,7.8
19,2020,4,6.5
2A,2020,4,6.8
2B,2020,4,7.3
21,2020,4,6.2
22,2020,4,6.9
23,2020,4,7.0
24,2020,4,7.9
25,2020,4,7.3
26,2020,4,8.6
27,2020,4,8.0
28,2020,4,7.2
29,2020,4,6.8
30,2020,4,10.6
31,2020,4,8.3
32,2020,4,6.1
33,2020,4,7.6
34,2020,4,11.0
35,2020,4,6.4
36,2020,4,7.6
37,2020,4,7.1
38,2020,4,6.6
39,2020,4,5.6
40,2020,4,7.5
41,2020,4,6.3
42,2020,4,7.8
43,2020,4,6.1
44,2020,4,6.8
45,2020,4,7.3
46,2020,4,7.9
47,2020,4,7.9
48,2020,4,4.9
49,2020,4,7.3
50,2020,4,5.9
51,2020,4,7.8
52,2020,4,7.0
53,2020,4,5.5
54,2020,4,7.5
55,2020,4,7.4
56,2020,4,6.7
57,2020,4,7.8
58,2020,4,6.5
59,2020,4,9.9
60,2020,4,8.0
61,2020,4,7.3
62,2020,4,9.0
63,2020,4,6.9
64,2020,4,6.6
65,2020,4,9.1
66,2020,4,12.4
67,2020,4,7.0
68,2020,4,8.0
69,2020,4,7.4
70,2020,4,6.8
71,2020,4,6.8
72,2020,4,7.9
73,2020,4,6.6
74,2020,4,6.6
75,2020,4,6.8
76,2020,4,8.9
77,2020,4,7.2
78,2020,4,6.7
79,2020,4,5.8
80,2020,4,9.3
81,2020,4,8.1
82,2020,4,9.3
84,2020,4,10.2
85,2020,4,6.2
86,2020,4,6.4
87,2020,4,7.2
88,2020,4,8.2
89,2020,4,7.0
90,2020,4,8.7
91,2020,4,6.9
92,2020,4,6.8
93,2020,4,11.1
94,2020,4,7.9
95,2020,4,8.8
83,2020,4,8.3
ZA,2020,4,19.7
ZB,2020,4,14.4
ZC,2020,4,20.6
ZD,2020,4,17.0
01,2021,1,6.2
02,2021,1,11.3
03,2021,1,8.4
04,2021,1,9.2
05,2021,1,9.6
06,2021,1,8.9
07,2021,1,8.9
08,2021,1,9.7
09,2021,1,10.1
10,2021,1,10.3
11,2021,1,11.0
12,2021,1,6.2
13,2021,1,9.5
14,2021,1,7.4
15,2021,1,4.6
16,2021,1,7.7
17,2021,1,8.1
18,2021,1,8.1
19,2021,1,6.6
2A,2021,1,6.6
2B,2021,1,7.0
21,2021,1,6.2
22,2021,1,7.1
23,2021,1,7.1
24,2021,1,7.8
25,2021,1,7.6
26,2021,1,8.7
27,2021,1,8.0
28,2021,1,7.3
29,2021,1,7.0
30,2021,1,10.9
31,2021,1,8.5
32,2021,1,6.3
33,2021,1,7.6
34,2021,1,11.2
35,2021,1,6.3
36,2021,1,7.8
37,2021,1,7.2
38,2021,1,6.9
39,2021,1,5.7
40,2021,1,7.8
41,2021,1,6.6
42,2021,1,7.9
43,2021,1,6.2
44,2021,1,7.0
45,2021,1,7.5
46,2021,1,8.0
47,2021,1,8.1
48,2021,1,5.1
49,2021,1,7.4
50,2021,1,5.8
51,2021,1,7.7
52,2021,1,7.0
53,2021,1,5.6
54,2021,1,7.7
55,2021,1,7.6
56,2021,1,6.9
57,2021,1,8.0
58,2021,1,6.8
59,2021,1,10.2
60,2021,1,8.0
61,2021,1,7.4
62,2021,1,9.2
63,2021,1,7.1
64,2021,1,6.7
65,2021,1,9.1
66,2021,1,12.6
67,2021,1,7.0
68,2021,1,8.1
69,2021,1,7.5
70,2021,1,6.9
71,2021,1,6.8
72,2021,1,8.0
73,2021,1,8.0
74,2021,1,7.2
75,2021,1,6.9
76,2021,1,8.9
77,2021,1,7.4
78,2021,1,6.9
79,2021,1,5.9
80,2021,1,9.3
81,2021,1,8.3
82,2021,1,9.4
84,2021,1,10.4
85,2021,1,6.3
86,2021,1,6.7
87,2021,1,7.2
88,2021,1,8.3
89,2021,1,7.2
90,2021,1,9.3
91,2021,1,7.0
92,2021,1,6.8
93,2021,1,11.2
94,2021,1,7.9
95,2021,1,9.0
83,2021,1,8.4
ZA,2021,1,17.4
ZB,2021,1,12.5
ZC,2021,1,12.4
ZD,2021,1,17.4
01,2021,2,6.0
02,2021,2,10.8
03,2021,2,8.3
04,2021,2,9.1
05,2021,2,8.0
06,2021,2,9.0
07,2021,2,8.8
08,2021,2,9.4
09,2021,2,9.6
10,2021,2,9.9
11,2021,2,10.8
12,2021,2,6.1
13,2021,2,9.2
14,2021,2,7.2
15,2021,2,4.4
16,2021,2,7.5
17,2021,2,8.1
18,2021,2,7.9
19,2021,2,6.4
2A,2021,2,7.0
2B,2021,2,7.3
21,2021,2,6.1
22,2021,2,7.0
23,2021,2,6.9
24,2021,2,7.8
25,2021,2,7.3
26,2021,2,8.6
27,2021,2,7.8
28,2021,2,7.1
29,2021,2,6.8
30,2021,2,10.5
31,2021,2,8.2
32,2021,2,6.2
33,2021,2,7.4
34,2021,2,10.9
35,2021,2,5.9
36,2021,2,7.7
37,2021,2,7.0
38,2021,2,6.6
39,2021,2,5.5
40,2021,2,7.8
41,2021,2,6.5
42,2021,2,7.7
43,2021,2,6.1
44,2021,2,6.5
45,2021,2,7.4
46,2021,2,8.0
47,2021,2,7.9
48,2021,2,5.2
49,2021,2,7.0
50,2021,2,5.6
51,2021,2,7.5
52,2021,2,6.7
53,2021,2,5.3
54,2021,2,7.4
55,2021,2,7.5
56,2021,2,6.7
57,2021,2,7.8
58,2021,2,6.8
59,2021,2,9.7
60,2021,2,7.9
61,2021,2,7.2
62,2021,2,9.0
63,2021,2,6.9
64,2021,2,6.5
65,2021,2,9.0
66,2021,2,12.4
67,2021,2,6.8
68,2021,2,7.9
69,2021,2,7.2
70,2021,2,6.8
71,2021,2,6.7
72,2021,2,7.8
73,2021,2,6.6
74,2021,2,6.5
75,2021,2,6.6
76,2021,2,8.7
77,2021,2,7.2
78,2021,2,6.7
79,2021,2,5.6
80,2021,2,9.3
81,2021,2,8.0
82,2021,2,9.2
84,2021,2,10.2
85,2021,2,6.0
86,2021,2,6.5
87,2021,2,6.9
88,2021,2,8.1
89,2021,2,7.2
90,2021,2,8.9
91,2021,2,6.8
92,2021,2,6.6
93,2021,2,10.9
94,2021,2,7.8
95,2021,2,8.7
83,2021,2,8.5
ZA,2021,2,19.5
ZB,2021,2,14.8
ZC,2021,2,12.4
ZD,2021,2,16.7
01,2021,3,5.9
02,2021,3,11.1
03,2021,3,8.1
04,2021,3,8.7
05,2021,3,7.3
06,2021,3,8.5
07,2021,3,8.7
08,2021,3,9.5
09,2021,3,9.8
10,2021,3,10.0
11,2021,3,10.8
12,2021,3,6.0
13,2021,3,9.3
14,2021,3,7.0
15,2021,3,4.2
16,2021,3,7.4
17,2021,3,7.6
18,2021,3,7.8
19,2021,3,6.4
2A,2021,3,6.5
2B,2021,3,7.1
21,2021,3,5.9
22,2021,3,6.9
23,2021,3,7.1
24,2021,3,7.6
25,2021,3,7.1
26,2021,3,8.6
27,2021,3,7.8
28,2021,3,7.0
29,2021,3,6.7
30,2021,3,10.6
31,2021,3,8.1
32,2021,3,6.1
33,2021,3,7.3
34,2021,3,10.8
35,2021,3,5.7
36,2021,3,7.6
37,2021,3,6.8
38,2021,3,6.5
39,2021,3,5.4
40,2021,3,7.4
41,2021,3,6.4
42,2021,3,7.6
43,2021,3,6.0
44,2021,3,6.3
45,2021,3,7.4
46,2021,3,7.9
47,2021,3,7.9
48,2021,3,5.1
49,2021,3,7.0
50,2021,3,5.4
51,2021,3,7.4
52,2021,3,6.8
53,2021,3,5.2
54,2021,3,7.5
55,2021,3,7.7
56,2021,3,6.5
57,2021,3,7.9
58,2021,3,6.7
59,2021,3,9.8
60,2021,3,7.9
61,2021,3,7.2
62,2021,3,9.1
63,2021,3,6.8
64,2021,3,6.3
65,2021,3,8.7
66,2021,3,12.3
67,2021,3,6.7
68,2021,3,7.8
69,2021,3,7.1
70,2021,3,6.8
71,2021,3,6.5
72,2021,3,7.7
73,2021,3,5.9
74,2021,3,6.2
75,2021,3,6.4
76,2021,3,8.6
77,2021,3,7.3
78,2021,3,6.7
79,2021,3,5.7
80,2021,3,9.3
81,2021,3,8.1
82,2021,3,9.2
84,2021,3,10.2
85,2021,3,5.7
86,2021,3,6.3
87,2021,3,6.9
88,2021,3,8.1
89,2021,3,7.1
90,2021,3,8.9
91,2021,3,6.8
92,2021,3,6.6
93,2021,3,11.0
94,2021,3,7.8
95,2021,3,8.8
83,2021,3,8.1
ZA,2021,3,16.5
ZB,2021,3,13.3
ZC,2021,3,16.9
ZD,2021,3,18.5
01,2021,4,5.5
02,2021,4,10.6
03,2021,4,7.8
04,2021,4,8.3
05,2021,4,6.9
06,2021,4,7.8
07,2021,4,8.2
08,2021,4,9.3
09,2021,4,9.3
10,2021,4,9.6
11,2021,4,10.2
12,2021,4,5.7
13,2021,4,8.8
14,2021,4,6.5
15,2021,4,4.0
16,2021,4,7.0
17,2021,4,7.1
18,2021,4,7.4
19,2021,4,6.1
2A,2021,4,6.0
2B,2021,4,6.5
21,2021,4,5.5
22,2021,4,6.4
23,2021,4,6.9
24,2021,4,7.2
25,2021,4,6.8
26,2021,4,8.0
27,2021,4,7.3
28,2021,4,6.7
29,2021,4,6.3
30,2021,4,10.1
31,2021,4,7.6
32,2021,4,5.8
33,2021,4,6.8
34,2021,4,10.2
35,2021,4,5.3
36,2021,4,7.1
37,2021,4,6.3
38,2021,4,6.1
39,2021,4,5.0
40,2021,4,6.8
41,2021,4,6.0
42,2021,4,7.2
43,2021,4,5.7
44,2021,4,5.9
45,2021,4,7.0
46,2021,4,7.4
47,2021,4,7.6
48,2021,4,4.8
49,2021,4,6.5
50,2021,4,5.1
51,2021,4,7.1
52,2021,4,6.3
53,2021,4,4.9
54,2021,4,7.1
55,2021,4,7.2
56,2021,4,5.9
57,2021,4,7.4
58,2021,4,6.3
59,2021,4,9.3
60,2021,4,7.5
61,2021,4,6.7
62,2021,4,8.4
63,2021,4,6.4
64,2021,4,5.8
65,2021,4,8.0
66,2021,4,11.6
67,2021,4,6.4
68,2021,4,7.3
69,2021,4,6.6
70,2021,4,6.4
71,2021,4,6.2
72,2021,4,7.3
73,2021,4,5.5
74,2021,4,5.8
75,2021,4,6.0
76,2021,4,8.1
77,2021,4,6.9
78,2021,4,6.4
79,2021,4,5.4
80,2021,4,8.7
81,2021,4,7.7
82,2021,4,8.7
84,2021,4,9.6
85,2021,4,5.3
86,2021,4,5.9
87,2021,4,6.6
88,2021,4,7.6
89,2021,4,6.6
90,2021,4,8.5
91,2021,4,6.4
92,2021,4,6.2
93,2021,4,10.5
94,2021,4,7.3
95,2021,4,8.3
83,2021,4,7.5
ZA,2021,4,15.6
ZB,2021,4,10.9
ZC,2021,4,13.6
ZD,2021,4,19.0
01,2022,1,5.4
02,2022,1,10.5
03,2022,1,7.7
04,2022,1,8.3
05,2022,1,6.9
06,2022,1,7.5
07,2022,1,8.2
08,2022,1,9.4
09,2022,1,9.3
10,2022,1,9.6
11,2022,1,10.2
12,2022,1,5.6
13,2022,1,8.8
14,2022,1,6.4
15,2022,1,4.0
16,2022,1,6.9
17,2022,1,7.0
18,2022,1,7.5
19,2022,1,6.1
2A,2022,1,6.0
2B,2022,1,6.5
21,2022,1,5.5
22,2022,1,6.3
23,2022,1,7.0
24,2022,1,7.2
25,2022,1,6.6
26,2022,1,7.9
27,2022,1,7.1
28,2022,1,6.7
29,2022,1,6.2
30,2022,1,10.1
31,2022,1,7.5
32,2022,1,5.7
33,2022,1,6.6
34,2022,1,10.2
35,2022,1,5.3
36,2022,1,7.1
37,2022,1,6.4
38,2022,1,6.0
39,2022,1,4.9
40,2022,1,6.9
41,2022,1,6.0
42,2022,1,7.1
43,2022,1,5.6
44,2022,1,5.8
45,2022,1,7.1
46,2022,1,7.2
47,2022,1,7.6
48,2022,1,4.7
49,2022,1,6.4
50,2022,1,5.0
51,2022,1,7.1
52,2022,1,6.2
53,2022,1,4.9
54,2022,1,7.1
55,2022,1,7.3
56,2022,1,5.9
57,2022,1,7.3
58,2022,1,6.4
59,2022,1,9.3
60,2022,1,7.4
61,2022,1,6.6
62,2022,1,8.2
63,2022,1,6.3
64,2022,1,5.8
65,2022,1,7.9
66,2022,1,11.6
67,2022,1,6.2
68,2022,1,7.0
69,2022,1,6.5
70,2022,1,6.4
71,2022,1,6.2
72,2022,1,7.2
73,2022,1,5.5
74,2022,1,5.6
75,2022,1,5.9
76,2022,1,8.0
77,2022,1,6.8
78,2022,1,6.5
79,2022,1,5.3
80,2022,1,8.6
81,2022,1,7.8
82,2022,1,8.7
84,2022,1,9.5
85,2022,1,5.2
86,2022,1,5.9
87,2022,1,6.5
88,2022,1,7.4
89,2022,1,6.6
90,2022,1,8.2
91,2022,1,6.3
92,2022,1,6.0
93,2022,1,10.4
94,2022,1,7.2
95,2022,1,8.1
83,2022,1,7.4
ZA,2022,1,18.0
ZB,2022,1,12.4
ZC,2022,1,15.2
ZD,2022,1,18.4
01,2022,2,5.5
02,2022,2,10.5
03,2022,2,7.8
04,2022,2,8.3
05,2022,2,6.8
06,2022,2,7.5
07,2022,2,8.1
08,2022,2,9.5
09,2022,2,9.5
10,2022,2,9.6
11,2022,2,10.2
12,2022,2,5.9
13,2022,2,8.9
14,2022,2,6.5
15,2022,2,4.1
16,2022,2,7.0
17,2022,2,7.0
18,2022,2,7.6
19,2022,2,6.1
2A,2022,2,5.7
2B,2022,2,6.4
21,2022,2,5.7
22,2022,2,6.4
23,2022,2,7.1
24,2022,2,7.3
25,2022,2,6.6
26,2022,2,8.0
27,2022,2,7.3
28,2022,2,6.8
29,2022,2,6.2
30,2022,2,10.0
31,2022,2,7.6
32,2022,2,5.8
33,2022,2,6.7
34,2022,2,10.3
35,2022,2,5.4
36,2022,2,7.3
37,2022,2,6.6
38,2022,2,6.0
39,2022,2,5.1
40,2022,2,6.9
41,2022,2,6.1
42,2022,2,7.3
43,2022,2,5.7
44,2022,2,5.8
45,2022,2,7.3
46,2022,2,7.4
47,2022,2,7.5
48,2022,2,4.6
49,2022,2,6.6
50,2022,2,5.1
51,2022,2,7.1
52,2022,2,6.3
53,2022,2,5.1
54,2022,2,7.1
55,2022,2,7.2
56,2022,2,5.9
57,2022,2,7.3
58,2022,2,6.7
59,2022,2,9.4
60,2022,2,7.6
61,2022,2,6.7
62,2022,2,8.6
63,2022,2,6.4
64,2022,2,5.8
65,2022,2,8.1
66,2022,2,11.6
67,2022,2,6.3
68,2022,2,6.9
69,2022,2,6.5
70,2022,2,6.5
71,2022,2,6.4
72,2022,2,7.4
73,2022,2,5.3
74,2022,2,5.5
75,2022,2,5.8
76,2022,2,8.1
77,2022,2,6.8
78,2022,2,6.5
79,2022,2,5.4
80,2022,2,8.9
81,2022,2,7.9
82,2022,2,8.6
84,2022,2,9.5
85,2022,2,5.3
86,2022,2,5.9
87,2022,2,6.6
88,2022,2,7.5
89,2022,2,6.8
90,2022,2,8.3
91,2022,2,6.5
92,2022,2,6.0
93,2022,2,10.4
94,2022,2,7.3
95,2022,2,8.2
83,2022,2,7.4
ZA,2022,2,18.3
ZB,2022,2,13.8
ZC,2022,2,12.5
ZD,2022,2,18.7
01,2022,3,5.4
02,2022,3,10.2
03,2022,3,7.6
04,2022,3,8.2
05,2022,3,6.7
06,2022,3,7.3
07,2022,3,8.0
08,2022,3,9.1
09,2022,3,9.3
10,2022,3,9.3
11,2022,3,9.9
12,2022,3,5.6
13,2022,3,8.7
14,2022,3,6.4
15,2022,3,4.0
16,2022,3,6.9
17,2022,3,6.9
18,2022,3,7.4
19,2022,3,6.0
2A,2022,3,5.7
2B,2022,3,6.4
21,2022,3,5.6
22,2022,3,6.2
23,2022,3,7.0
24,2022,3,7.2
25,2022,3,6.5
26,2022,3,7.7
27,2022,3,7.0
28,2022,3,6.7
29,2022,3,6.1
30,2022,3,9.8
31,2022,3,7.2
32,2022,3,5.6
33,2022,3,6.5
34,2022,3,10.0
35,2022,3,5.4
36,2022,3,7.1
37,2022,3,6.4
38,2022,3,5.8
39,2022,3,5.1
40,2022,3,6.8
41,2022,3,5.9
42,2022,3,7.1
43,2022,3,5.5
44,2022,3,5.7
45,2022,3,7.0
46,2022,3,7.3
47,2022,3,7.4
48,2022,3,4.6
49,2022,3,6.5
50,2022,3,5.1
51,2022,3,6.9
52,2022,3,6.2
53,2022,3,5.0
54,2022,3,6.8
55,2022,3,7.1
56,2022,3,5.8
57,2022,3,7.0
58,2022,3,6.8
59,2022,3,9.0
60,2022,3,7.3
61,2022,3,6.6
62,2022,3,8.1
63,2022,3,6.2
64,2022,3,5.7
65,2022,3,7.9
66,2022,3,11.5
67,2022,3,6.1
68,2022,3,6.7
69,2022,3,6.3
70,2022,3,6.4
71,2022,3,6.3
72,2022,3,7.1
73,2022,3,5.2
74,2022,3,5.3
75,2022,3,5.7
76,2022,3,7.7
77,2022,3,6.6
78,2022,3,6.3
79,2022,3,5.3
80,2022,3,8.5
81,2022,3,7.8
82,2022,3,8.4
84,2022,3,9.5
85,2022,3,5.2
86,2022,3,5.9
87,2022,3,6.4
88,2022,3,7.4
89,2022,3,6.7
90,2022,3,8.1
91,2022,3,6.3
92,2022,3,5.8
93,2022,3,10.1
94,2022,3,7.1
95,2022,3,7.9
83,2022,3,7.3
ZA,2022,3,18.4
ZB,2022,3,13.3
ZC,2022,3,13.8
ZD,2022,3,17.4
01,2022,4,5.3
02,2022,4,10.2
03,2022,4,7.4
04,2022,4,8.1
05,2022,4,6.6
06,2022,4,7.1
07,2022,4,7.9
08,2022,4,9.2
09,2022,4,9.3
10,2022,4,9.4
11,2022,4,9.9
12,2022,4,5.6
13,2022,4,8.6
14,2022,4,6.2
15,2022,4,4.0
16,2022,4,6.7
17,2022,4,6.6
18,2022,4,7.4
19,2022,4,5.9
2A,2022,4,5.7
2B,2022,4,6.4
21,2022,4,5.6
22,2022,4,6.2
23,2022,4,6.8
24,2022,4,7.1
25,2022,4,6.3
26,2022,4,7.7
27,2022,4,6.7
28,2022,4,6.7
29,2022,4,6.1
30,2022,4,9.8
31,2022,4,7.2
32,2022,4,5.6
33,2022,4,6.4
34,2022,4,9.9
35,2022,4,5.4
36,2022,4,7.0
37,2022,4,6.4
38,2022,4,5.7
39,2022,4,5.1
40,2022,4,6.8
41,2022,4,5.9
42,2022,4,7.0
43,2022,4,5.5
44,2022,4,5.5
45,2022,4,6.9
46,2022,4,7.3
47,2022,4,7.3
48,2022,4,4.6
49,2022,4,6.3
50,2022,4,5.0
51,2022,4,7.0
52,2022,4,6.3
53,2022,4,4.9
54,2022,4,6.8
55,2022,4,7.2
56,2022,4,5.6
57,2022,4,6.9
58,2022,4,6.6
59,2022,4,9.2
60,2022,4,7.2
61,2022,4,6.4
62,2022,4,8.1
63,2022,4,6.1
64,2022,4,5.6
65,2022,4,7.7
66,2022,4,11.6
67,2022,4,6.1
68,2022,4,6.7
69,2022,4,6.2
70,2022,4,6.2
71,2022,4,6.3
72,2022,4,6.9
73,2022,4,5.1
74,2022,4,5.2
75,2022,4,5.6
76,2022,4,7.5
77,2022,4,6.6
78,2022,4,6.3
79,2022,4,5.1
80,2022,4,8.5
81,2022,4,7.7
82,2022,4,8.5
84,2022,4,9.4
85,2022,4,5.1
86,2022,4,5.8
87,2022,4,6.3
88,2022,4,7.4
89,2022,4,6.7
90,2022,4,8.1
91,2022,4,6.3
92,2022,4,5.7
93,2022,4,10.1
94,2022,4,7.0
95,2022,4,7.9
83,2022,4,7.2
ZA,2022,4,19.3
ZB,2022,4,9.9
ZC,2022,4,10.8
ZD,2022,4,16.9
