id,election_id,candidat_id,code_dept,nb_voix
1,1,1,01,131333
2,1,1,02,147260
3,1,1,03,111615
4,1,1,04,49498
5,1,1,05,42435
6,1,1,06,203117
7,1,1,07,101526
8,1,1,08,75631
9,1,1,09,59466
10,1,1,10,65549
11,1,1,11,115400
12,1,1,12,95302
13,1,1,13,474704
14,1,1,14,205544
15,1,1,15,49543
16,1,1,16,118100
17,1,1,17,188387
18,1,1,18,92857
19,1,1,19,98764
20,1,1,2A,30791
21,1,1,2B,39357
22,1,1,21,134936
23,1,1,22,217609
24,1,1,23,45870
25,1,1,24,148011
26,1,1,25,134575
27,1,1,26,134959
28,1,1,27,151327
29,1,1,28,105676
30,1,1,29,319789
31,1,1,30,193487
32,1,1,31,388800
33,1,1,32,65606
34,1,1,33,448634
35,1,1,34,296422
36,1,1,35,310905
37,1,1,36,73616
38,1,1,37,165293
39,1,1,38,331448
40,1,1,39,72321
41,1,1,40,134872
42,1,1,41,89182
43,1,1,42,196522
44,1,1,43,70488
45,1,1,44,419484
46,1,1,45,156289
47,1,1,46,67981
48,1,1,47,96766
49,1,1,48,23991
50,1,1,49,213611
51,1,1,50,147006
52,1,1,51,126156
53,1,1,52,46965
54,1,1,53,81922
55,1,1,54,196628
56,1,1,55,48860
57,1,1,56,229248
58,1,1,57,253281
59,1,1,58,73424
60,1,1,59,692273
61,1,1,60,195701
62,1,1,61,77579
63,1,1,62,450103
64,1,1,63,212597
65,1,1,64,218964
66,1,1,65,86809
67,1,1,66,127625
68,1,1,67,206891
69,1,1,68,142724
70,1,1,69,408899
71,1,1,70,68656
72,1,1,71,160751
73,1,1,72,162975
74,1,1,73,108686
75,1,1,74,154622
76,1,1,75,560461
77,1,1,76,366616
78,1,1,77,315576
79,1,1,78,333079
80,1,1,79,122858
81,1,1,80,170529
82,1,1,81,125133
83,1,1,82,71186
84,1,1,83,217384
85,1,1,84,130281
86,1,1,85,173686
87,1,1,86,134754
88,1,1,87,133467
89,1,1,88,105371
90,1,1,89,86610
91,1,1,90,35866
92,1,1,91,317663
93,1,1,92,369128
94,1,1,93,353260
95,1,1,94,333347
96,1,1,95,289520
97,1,1,ZA,123737
98,1,1,ZB,114527
99,1,1,ZC,25880
100,1,1,ZD,286109
101,1,1,ZM,18946
102,1,1,ZN,36239
103,1,1,ZP,46733
104,1,1,ZS,2080
105,1,1,ZW,3795
106,1,1,ZX,3851
107,1,1,ZZ,209002
108,1,2,01,175741
109,1,2,02,133760
110,1,2,03,84593
111,1,2,04,47444
112,1,2,05,40945
113,1,2,06,366055
114,1,2,07,88429
115,1,2,08,70122
116,1,2,09,32452
117,1,2,10,88213
118,1,2,11,89751
119,1,2,12,79806
120,1,2,13,531652
121,1,2,14,181404
122,1,2,15,46097
123,1,2,16,82648
124,1,2,17,176944
125,1,2,18,78959
126,1,2,19,53502
127,1,2,2A,41835
128,1,2,2B,46965
129,1,2,21,143557
130,1,2,22,150030
131,1,2,23,29306
132,1,2,24,102280
133,1,2,25,145279
134,1,2,26,139436
135,1,2,27,166949
136,1,2,28,121452
137,1,2,29,223482
138,1,2,30,202995
139,1,2,31,272661
140,1,2,32,50222
141,1,2,33,343866
142,1,2,34,281240
143,1,2,35,247127
144,1,2,36,58643
145,1,2,37,157374
146,1,2,38,304429
147,1,2,39,74004
148,1,2,40,101792
149,1,2,41,98275
150,1,2,42,192621
151,1,2,43,66703
152,1,2,44,324893
153,1,2,45,183671
154,1,2,46,41862
155,1,2,47,91663
156,1,2,48,24036
157,1,2,49,223644
158,1,2,50,147591
159,1,2,51,156160
160,1,2,52,56085
161,1,2,53,92647
162,1,2,54,173929
163,1,2,55,56898
164,1,2,56,213893
165,1,2,57,291368
166,1,2,58,51421
167,1,2,59,616882
168,1,2,60,217732
169,1,2,61,87087
170,1,2,62,351015
171,1,2,63,138995
172,1,2,64,164374
173,1,2,65,52162
174,1,2,66,124668
175,1,2,67,359011
176,1,2,68,246535
177,1,2,69,443370
178,1,2,70,69659
179,1,2,71,149243
180,1,2,72,146454
181,1,2,73,122233
182,1,2,74,232928
183,1,2,75,447500
184,1,2,76,300657
185,1,2,77,325147
186,1,2,78,395683
187,1,2,79,91527
188,1,2,80,142894
189,1,2,81,100111
190,1,2,82,67707
191,1,2,83,364466
192,1,2,84,168758
193,1,2,85,217484
194,1,2,86,100977
195,1,2,87,75095
196,1,2,88,109404
197,1,2,89,98122
198,1,2,90,35123
199,1,2,91,276859
200,1,2,92,376816
201,1,2,93,187562
202,1,2,94,256900
203,1,2,95,247541
204,1,2,ZA,48271
205,1,2,ZB,52829
206,1,2,ZC,15830
207,1,2,ZD,114120
208,1,2,ZM,19676
209,1,2,ZN,61772
210,1,2,ZP,52825
211,1,2,ZS,1105
212,1,2,ZW,2974
213,1,2,ZX,5641
214,1,2,ZZ,236160
215,2,3,01,7268
216,2,3,02,3455
217,2,3,03,3232
218,2,3,04,2933
219,2,3,05,3147
220,2,3,06,12556
221,2,3,07,5621
222,2,3,08,1868
223,2,3,09,2742
224,2,3,10,2294
225,2,3,11,4516
226,2,3,12,4243
227,2,3,13,21977
228,2,3,14,8569
229,2,3,15,1534
230,2,3,16,3843
231,2,3,17,8378
232,2,3,18,2861
233,2,3,19,2155
234,2,3,2A,1658
235,2,3,2B,2020
236,2,3,21,6073
237,2,3,22,10545
238,2,3,23,1369
239,2,3,24,5525
240,2,3,25,6847
241,2,3,26,8263
242,2,3,27,5544
243,2,3,28,3788
244,2,3,29,16536
245,2,3,30,8855
246,2,3,31,21069
247,2,3,32,2715
248,2,3,33,19940
249,2,3,34,15223
250,2,3,35,18367
251,2,3,36,2015
252,2,3,37,7488
253,2,3,38,20189
254,2,3,39,3691
255,2,3,40,4466
256,2,3,41,3418
257,2,3,42,8090
258,2,3,43,3041
259,2,3,44,24410
260,2,3,45,6744
261,2,3,46,3046
262,2,3,47,3775
263,2,3,48,1307
264,2,3,49,10737
265,2,3,50,5601
266,2,3,51,4482
267,2,3,52,1506
268,2,3,53,3864
269,2,3,54,7058
270,2,3,55,1794
271,2,3,56,12948
272,2,3,57,9875
273,2,3,58,2143
274,2,3,59,23976
275,2,3,60,6598
276,2,3,61,3109
277,2,3,62,10315
278,2,3,63,7549
279,2,3,64,11345
280,2,3,65,3007
281,2,3,66,5564
282,2,3,67,16188
283,2,3,68,10980
284,2,3,69,25611
285,2,3,70,2315
286,2,3,71,5435
287,2,3,72,6153
288,2,3,73,8313
289,2,3,74,14446
290,2,3,75,41495
291,2,3,76,11356
292,2,3,77,12684
293,2,3,78,17974
294,2,3,79,4480
295,2,3,80,4031
296,2,3,81,5064
297,2,3,82,2867
298,2,3,83,11334
299,2,3,84,7062
300,2,3,85,7652
301,2,3,86,5335
302,2,3,87,3925
303,2,3,88,4026
304,2,3,89,3426
305,2,3,90,1516
306,2,3,91,14027
307,2,3,92,20086
308,2,3,93,11781
309,2,3,94,15392
310,2,3,95,10907
311,2,3,ZA,2134
312,2,3,ZB,2275
313,2,3,ZC,843
314,2,3,ZD,7737
315,2,3,ZM,789
316,2,3,ZN,2336
317,2,3,ZP,3392
318,2,3,ZS,43
319,2,3,ZW,100
320,2,3,ZX,208
321,2,3,ZZ,21947
322,2,4,01,66540
323,2,4,02,78452
324,2,4,03,37736
325,2,4,04,20875
326,2,4,05,15359
327,2,4,06,136982
328,2,4,07,40216
329,2,4,08,37628
330,2,4,09,16125
331,2,4,10,40740
332,2,4,11,50234
333,2,4,12,25619
334,2,4,13,243348
335,2,4,14,65126
336,2,4,15,14877
337,2,4,16,37121
338,2,4,17,66076
339,2,4,18,35825
340,2,4,19,20784
341,2,4,2A,19081
342,2,4,2B,20128
343,2,4,21,54472
344,2,4,22,51552
345,2,4,23,12651
346,2,4,24,44035
347,2,4,25,55921
348,2,4,26,60424
349,2,4,27,76104
350,2,4,28,49067
351,2,4,29,67101
352,2,4,30,106646
353,2,4,31,106161
354,2,4,32,19190
355,2,4,33,127811
356,2,4,34,134343
357,2,4,35,71727
358,2,4,36,27164
359,2,4,37,53586
360,2,4,38,126377
361,2,4,39,31458
362,2,4,40,34381
363,2,4,41,41190
364,2,4,42,88877
365,2,4,43,29600
366,2,4,44,94249
367,2,4,45,73264
368,2,4,46,15376
369,2,4,47,42080
370,2,4,48,8650
371,2,4,49,63252
372,2,4,50,50927
373,2,4,51,66640
374,2,4,52,27624
375,2,4,53,26930
376,2,4,54,82538
377,2,4,55,29038
378,2,4,56,71715
379,2,4,57,141477
380,2,4,58,25565
381,2,4,59,300362
382,2,4,60,109339
383,2,4,61,34757
384,2,4,62,216753
385,2,4,63,57555
386,2,4,64,47844
387,2,4,65,21580
388,2,4,66,64007
389,2,4,67,124264
390,2,4,68,94988
391,2,4,69,133322
392,2,4,70,36807
393,2,4,71,65054
394,2,4,72,62516
395,2,4,73,45993
396,2,4,74,66583
397,2,4,75,61503
398,2,4,76,131416
399,2,4,77,126889
400,2,4,78,89491
401,2,4,79,30077
402,2,4,80,78250
403,2,4,81,44806
404,2,4,82,32228
405,2,4,83,149187
406,2,4,84,84585
407,2,4,85,61859
408,2,4,86,40321
409,2,4,87,35821
410,2,4,88,55339
411,2,4,89,46057
412,2,4,90,17786
413,2,4,91,90760
414,2,4,92,62447
415,2,4,93,72335
416,2,4,94,69399
417,2,4,95,83102
418,2,4,ZA,7486
419,2,4,ZB,6960
420,2,4,ZC,3920
421,2,4,ZD,37549
422,2,4,ZM,996
423,2,4,ZN,10409
424,2,4,ZP,5151
425,2,4,ZS,416
426,2,4,ZW,152
427,2,4,ZX,975
428,2,4,ZZ,23995
429,2,2,01,97722
430,2,2,02,72090
431,2,2,03,49477
432,2,2,04,25668
433,2,2,05,22655
434,2,2,06,216738
435,2,2,07,47687
436,2,2,08,37524
437,2,2,09,17979
438,2,2,10,49196
439,2,2,11,46801
440,2,2,12,46351
441,2,2,13,286175
442,2,2,14,109745
443,2,2,15,28151
444,2,2,16,48291
445,2,2,17,106431
446,2,2,18,45331
447,2,2,19,33706
448,2,2,2A,23623
449,2,2,2B,26869
450,2,2,21,82588
451,2,2,22,90555
452,2,2,23,17280
453,2,2,24,59347
454,2,2,25,83036
455,2,2,26,75291
456,2,2,27,92910
457,2,2,28,69591
458,2,2,29,136994
459,2,2,30,103927
460,2,2,31,158407
461,2,2,32,29133
462,2,2,33,203396
463,2,2,34,152614
464,2,2,35,150685
465,2,2,36,33564
466,2,2,37,94680
467,2,2,38,166290
468,2,2,39,39808
469,2,2,40,59887
470,2,2,41,55944
471,2,2,42,103410
472,2,2,43,35438
473,2,2,44,201671
474,2,2,45,104350
475,2,2,46,24447
476,2,2,47,49768
477,2,2,48,13885
478,2,2,49,136420
479,2,2,50,88234
480,2,2,51,88707
481,2,2,52,30604
482,2,2,53,55945
483,2,2,54,94415
484,2,2,55,29863
485,2,2,56,129838
486,2,2,57,148328
487,2,2,58,29400
488,2,2,59,338714
489,2,2,60,115926
490,2,2,61,51498
491,2,2,62,185632
492,2,2,63,79124
493,2,2,64,92967
494,2,2,65,29512
495,2,2,66,66870
496,2,2,67,196968
497,2,2,68,129349
498,2,2,69,271922
499,2,2,70,36967
500,2,2,71,84499
501,2,2,72,86174
502,2,2,73,69544
503,2,2,74,136946
504,2,2,75,319482
505,2,2,76,174024
506,2,2,77,176116
507,2,2,78,246328
508,2,2,79,55462
509,2,2,80,78680
510,2,2,81,55099
511,2,2,82,36666
512,2,2,83,209233
513,2,2,84,85898
514,2,2,85,133985
515,2,2,86,60188
516,2,2,87,43225
517,2,2,88,57964
518,2,2,89,53719
519,2,2,90,17891
520,2,2,91,152079
521,2,2,92,256570
522,2,2,93,104010
523,2,2,94,155552
524,2,2,95,139863
525,2,2,ZA,33973
526,2,2,ZB,38443
527,2,2,ZC,10174
528,2,2,ZD,65377
529,2,2,ZM,17536
530,2,2,ZN,44302
531,2,2,ZP,40611
532,2,2,ZS,488
533,2,2,ZW,2414
534,2,2,ZX,3504
535,2,2,ZZ,153301
536,2,5,01,30898
537,2,5,02,30360
538,2,5,03,27969
539,2,5,04,15269
540,2,5,05,12175
541,2,5,06,49493
542,2,5,07,28247
543,2,5,08,14260
544,2,5,09,16197
545,2,5,10,12860
546,2,5,11,28456
547,2,5,12,22282
548,2,5,13,139719
549,2,5,14,42396
550,2,5,15,8836
551,2,5,16,23707
552,2,5,17,39313
553,2,5,18,25079
554,2,5,19,16462
555,2,5,2A,7191
556,2,5,2B,8643
557,2,5,21,27496
558,2,5,22,46303
559,2,5,23,10117
560,2,5,24,35489
561,2,5,25,31936
562,2,5,26,34877
563,2,5,27,34572
564,2,5,28,21230
565,2,5,29,64505
566,2,5,30,55731
567,2,5,31,92798
568,2,5,32,14558
569,2,5,33,96165
570,2,5,34,80036
571,2,5,35,59901
572,2,5,36,15645
573,2,5,37,36657
574,2,5,38,82657
575,2,5,39,19338
576,2,5,40,30508
577,2,5,41,19437
578,2,5,42,46104
579,2,5,43,16214
580,2,5,44,90140
581,2,5,45,33923
582,2,5,46,16400
583,2,5,47,22966
584,2,5,48,6208
585,2,5,49,42601
586,2,5,50,30167
587,2,5,51,25292
588,2,5,52,9720
589,2,5,53,15136
590,2,5,54,47042
591,2,5,55,9951
592,2,5,56,47220
593,2,5,57,54455
594,2,5,58,15601
595,2,5,59,173037
596,2,5,60,44057
597,2,5,61,15501
598,2,5,62,97974
599,2,5,63,51691
600,2,5,64,46749
601,2,5,65,21934
602,2,5,66,33739
603,2,5,67,42302
604,2,5,68,30076
605,2,5,69,94876
606,2,5,70,14125
607,2,5,71,34548
608,2,5,72,35143
609,2,5,73,27875
610,2,5,74,37117
611,2,5,75,110101
612,2,5,76,91759
613,2,5,77,71097
614,2,5,78,65520
615,2,5,79,22709
616,2,5,80,36213
617,2,5,81,28800
618,2,5,82,16313
619,2,5,83,54553
620,2,5,84,34879
621,2,5,85,34471
622,2,5,86,27037
623,2,5,87,31304
624,2,5,88,22162
625,2,5,89,19540
626,2,5,90,8547
627,2,5,91,73240
628,2,5,92,75911
629,2,5,93,90710
630,2,5,94,81950
631,2,5,95,63679
632,2,5,ZA,7806
633,2,5,ZB,8600
634,2,5,ZC,2952
635,2,5,ZD,24503
636,2,5,ZM,944
637,2,5,ZN,2927
638,2,5,ZP,2492
639,2,5,ZS,399
640,2,5,ZW,76
641,2,5,ZX,473
642,2,5,ZZ,33503
643,2,6,01,3323
644,2,6,02,3860
645,2,6,03,2584
646,2,6,04,1394
647,2,6,05,1152
648,2,6,06,4048
649,2,6,07,2750
650,2,6,08,1981
651,2,6,09,1396
652,2,6,10,1632
653,2,6,11,2724
654,2,6,12,2417
655,2,6,13,8293
656,2,6,14,5385
657,2,6,15,1218
658,2,6,16,3084
659,2,6,17,5392
660,2,6,18,2218
661,2,6,19,1581
662,2,6,2A,873
663,2,6,2B,1001
664,2,6,21,3070
665,2,6,22,5054
666,2,6,23,1156
667,2,6,24,3533
668,2,6,25,3445
669,2,6,26,3187
670,2,6,27,4584
671,2,6,28,2899
672,2,6,29,8273
673,2,6,30,4215
674,2,6,31,7672
675,2,6,32,1486
676,2,6,33,13626
677,2,6,34,6221
678,2,6,35,7066
679,2,6,36,1985
680,2,6,37,4303
681,2,6,38,6846
682,2,6,39,2028
683,2,6,40,3605
684,2,6,41,2594
685,2,6,42,4464
686,2,6,43,1931
687,2,6,44,9635
688,2,6,45,3610
689,2,6,46,1650
690,2,6,47,2699
691,2,6,48,647
692,2,6,49,6338
693,2,6,50,4131
694,2,6,51,3534
695,2,6,52,1455
696,2,6,53,2392
697,2,6,54,4988
698,2,6,55,1688
699,2,6,56,6300
700,2,6,57,7924
701,2,6,58,1675
702,2,6,59,15138
703,2,6,60,5338
704,2,6,61,2515
705,2,6,62,10948
706,2,6,63,4595
707,2,6,64,6812
708,2,6,65,1967
709,2,6,66,3265
710,2,6,67,5993
711,2,6,68,4824
712,2,6,69,7412
713,2,6,70,1999
714,2,6,71,3971
715,2,6,72,4379
716,2,6,73,2890
717,2,6,74,4514
718,2,6,75,6644
719,2,6,76,8918
720,2,6,77,6584
721,2,6,78,5720
722,2,6,79,3550
723,2,6,80,4222
724,2,6,81,2962
725,2,6,82,1769
726,2,6,83,5239
727,2,6,84,2981
728,2,6,85,5893
729,2,6,86,3321
730,2,6,87,2641
731,2,6,88,3573
732,2,6,89,2477
733,2,6,90,988
734,2,6,91,5591
735,2,6,92,5031
736,2,6,93,4936
737,2,6,94,4946
738,2,6,95,5109
739,2,6,ZA,1151
740,2,6,ZB,1712
741,2,6,ZC,479
742,2,6,ZD,3170
743,2,6,ZM,299
744,2,6,ZN,874
745,2,6,ZP,532
746,2,6,ZS,103
747,2,6,ZW,42
748,2,6,ZX,85
749,2,6,ZZ,2843
750,2,7,01,1794
751,2,7,02,2490
752,2,7,03,1482
753,2,7,04,487
754,2,7,05,488
755,2,7,06,1576
756,2,7,07,1257
757,2,7,08,1185
758,2,7,09,528
759,2,7,10,990
760,2,7,11,1116
761,2,7,12,969
762,2,7,13,3641
763,2,7,14,2641
764,2,7,15,587
765,2,7,16,1460
766,2,7,17,2161
767,2,7,18,1387
768,2,7,19,659
769,2,7,2A,220
770,2,7,2B,282
771,2,7,21,1631
772,2,7,22,2552
773,2,7,23,557
774,2,7,24,1480
775,2,7,25,1882
776,2,7,26,2057
777,2,7,27,2189
778,2,7,28,1587
779,2,7,29,3347
780,2,7,30,1946
781,2,7,31,2839
782,2,7,32,646
783,2,7,33,3671
784,2,7,34,2397
785,2,7,35,3876
786,2,7,36,1190
787,2,7,37,2272
788,2,7,38,3450
789,2,7,39,1084
790,2,7,40,1161
791,2,7,41,1384
792,2,7,42,2503
793,2,7,43,1067
794,2,7,44,4458
795,2,7,45,2007
796,2,7,46,623
797,2,7,47,974
798,2,7,48,263
799,2,7,49,3426
800,2,7,50,2206
801,2,7,51,1949
802,2,7,52,860
803,2,7,53,1415
804,2,7,54,2582
805,2,7,55,789
806,2,7,56,2818
807,2,7,57,4350
808,2,7,58,934
809,2,7,59,9545
810,2,7,60,3391
811,2,7,61,1294
812,2,7,62,7246
813,2,7,63,2372
814,2,7,64,1826
815,2,7,65,780
816,2,7,66,1305
817,2,7,67,3779
818,2,7,68,2608
819,2,7,69,4220
820,2,7,70,1126
821,2,7,71,2048
822,2,7,72,2452
823,2,7,73,1213
824,2,7,74,1793
825,2,7,75,2719
826,2,7,76,4918
827,2,7,77,2995
828,2,7,78,2505
829,2,7,79,1612
830,2,7,80,2917
831,2,7,81,1212
832,2,7,82,698
833,2,7,83,2094
834,2,7,84,1207
835,2,7,85,2584
836,2,7,86,1741
837,2,7,87,1435
838,2,7,88,1716
839,2,7,89,1324
840,2,7,90,523
841,2,7,91,2462
842,2,7,92,2187
843,2,7,93,2708
844,2,7,94,2217
845,2,7,95,2340
846,2,7,ZA,1335
847,2,7,ZB,1442
848,2,7,ZC,208
849,2,7,ZD,2190
850,2,7,ZM,192
851,2,7,ZN,485
852,2,7,ZP,510
853,2,7,ZS,23
854,2,7,ZW,48
855,2,7,ZX,44
856,2,7,ZZ,1137
857,2,8,01,860
858,2,8,02,738
859,2,8,03,457
860,2,8,04,283
861,2,8,05,212
862,2,8,06,1238
863,2,8,07,521
864,2,8,08,366
865,2,8,09,221
866,2,8,10,407
867,2,8,11,458
868,2,8,12,435
869,2,8,13,2249
870,2,8,14,1008
871,2,8,15,240
872,2,8,16,523
873,2,8,17,888
874,2,8,18,433
875,2,8,19,277
876,2,8,2A,163
877,2,8,2B,174
878,2,8,21,694
879,2,8,22,909
880,2,8,23,195
881,2,8,24,610
882,2,8,25,750
883,2,8,26,759
884,2,8,27,890
885,2,8,28,622
886,2,8,29,1531
887,2,8,30,948
888,2,8,31,1703
889,2,8,32,298
890,2,8,33,1895
891,2,8,34,1366
892,2,8,35,1377
893,2,8,36,393
894,2,8,37,901
895,2,8,38,1726
896,2,8,39,425
897,2,8,40,516
898,2,8,41,518
899,2,8,42,939
900,2,8,43,322
901,2,8,44,1760
902,2,8,45,885
903,2,8,46,299
904,2,8,47,461
905,2,8,48,119
906,2,8,49,1182
907,2,8,50,882
908,2,8,51,712
909,2,8,52,265
910,2,8,53,428
911,2,8,54,1092
912,2,8,55,344
913,2,8,56,1268
914,2,8,57,1522
915,2,8,58,338
916,2,8,59,3185
917,2,8,60,1081
918,2,8,61,422
919,2,8,62,1824
920,2,8,63,988
921,2,8,64,882
922,2,8,65,300
923,2,8,66,591
924,2,8,67,1655
925,2,8,68,1322
926,2,8,69,2264
927,2,8,70,407
928,2,8,71,802
929,2,8,72,749
930,2,8,73,664
931,2,8,74,1242
932,2,8,75,2272
933,2,8,76,1671
934,2,8,77,1654
935,2,8,78,2008
936,2,8,79,567
937,2,8,80,726
938,2,8,81,550
939,2,8,82,367
940,2,8,83,1254
941,2,8,84,650
942,2,8,85,973
943,2,8,86,553
944,2,8,87,516
945,2,8,88,661
946,2,8,89,484
947,2,8,90,215
948,2,8,91,1456
949,2,8,92,1939
950,2,8,93,1259
951,2,8,94,1498
952,2,8,95,1325
953,2,8,ZA,441
954,2,8,ZB,560
955,2,8,ZC,148
956,2,8,ZD,1066
957,2,8,ZM,175
958,2,8,ZN,279
959,2,8,ZP,378
960,2,8,ZS,13
961,2,8,ZW,29
962,2,8,ZX,28
963,2,8,ZZ,1457
964,2,9,01,32650
965,2,9,02,19895
966,2,9,03,17814
967,2,9,04,7483
968,2,9,05,8559
969,2,9,06,38980
970,2,9,07,18373
971,2,9,08,11551
972,2,9,09,6411
973,2,9,10,13575
974,2,9,11,13076
975,2,9,12,22809
976,2,9,13,66082
977,2,9,14,40562
978,2,9,15,10980
979,2,9,16,18461
980,2,9,17,34381
981,2,9,18,16048
982,2,9,19,10824
983,2,9,2A,4069
984,2,9,2B,3981
985,2,9,21,27086
986,2,9,22,40240
987,2,9,23,6476
988,2,9,24,20898
989,2,9,25,25639
990,2,9,26,25610
991,2,9,27,28144
992,2,9,28,21842
993,2,9,29,63121
994,2,9,30,28893
995,2,9,31,64648
996,2,9,32,12003
997,2,9,33,79277
998,2,9,34,41351
999,2,9,35,71491
1000,2,9,36,12473
1001,2,9,37,34420
1002,2,9,38,60608
1003,2,9,39,14819
1004,2,9,40,25437
1005,2,9,41,19256
1006,2,9,42,40209
1007,2,9,43,16212
1008,2,9,44,87453
1009,2,9,45,33133
1010,2,9,46,10648
1011,2,9,47,17394
1012,2,9,48,5505
1013,2,9,49,58196
1014,2,9,50,34272
1015,2,9,51,28210
1016,2,9,52,8712
1017,2,9,53,25118
1018,2,9,54,33871
1019,2,9,55,10375
1020,2,9,56,50050
1021,2,9,57,53160
1022,2,9,58,9746
1023,2,9,59,102511
1024,2,9,60,33160
1025,2,9,61,18326
1026,2,9,62,54354
1027,2,9,63,36771
1028,2,9,64,61681
1029,2,9,65,15265
1030,2,9,66,16608
1031,2,9,67,69940
1032,2,9,68,46176
1033,2,9,69,91042
1034,2,9,70,11147
1035,2,9,71,28683
1036,2,9,72,29802
1037,2,9,73,24034
1038,2,9,74,47547
1039,2,9,75,92664
1040,2,9,76,54446
1041,2,9,77,55187
1042,2,9,78,80848
1043,2,9,79,24395
1044,2,9,80,24066
1045,2,9,81,21724
1046,2,9,82,12075
1047,2,9,83,40004
1048,2,9,84,21070
1049,2,9,85,49402
1050,2,9,86,23565
1051,2,9,87,17189
1052,2,9,88,21516
1053,2,9,89,16472
1054,2,9,90,6630
1055,2,9,91,55738
1056,2,9,92,78397
1057,2,9,93,32661
1058,2,9,94,51892
1059,2,9,95,44683
1060,2,9,ZA,6861
1061,2,9,ZB,8681
1062,2,9,ZC,2329
1063,2,9,ZD,24853
1064,2,9,ZM,1505
1065,2,9,ZN,4579
1066,2,9,ZP,5139
1067,2,9,ZS,194
1068,2,9,ZW,410
1069,2,9,ZX,473
1070,2,9,ZZ,45867
1071,2,10,01,7208
1072,2,10,02,5853
1073,2,10,03,4068
1074,2,10,04,1845
1075,2,10,05,1782
1076,2,10,06,9241
1077,2,10,07,3890
1078,2,10,08,2787
1079,2,10,09,1446
1080,2,10,10,3524
1081,2,10,11,3184
1082,2,10,12,3095
1083,2,10,13,14087
1084,2,10,14,8227
1085,2,10,15,1630
1086,2,10,16,4278
1087,2,10,17,7900
1088,2,10,18,3825
1089,2,10,19,2577
1090,2,10,2A,797
1091,2,10,2B,930
1092,2,10,21,5640
1093,2,10,22,6494
1094,2,10,23,1502
1095,2,10,24,4847
1096,2,10,25,5364
1097,2,10,26,5578
1098,2,10,27,7074
1099,2,10,28,5307
1100,2,10,29,9944
1101,2,10,30,6087
1102,2,10,31,10601
1103,2,10,32,2191
1104,2,10,33,13082
1105,2,10,34,8462
1106,2,10,35,10601
1107,2,10,36,3014
1108,2,10,37,6738
1109,2,10,38,12658
1110,2,10,39,3532
1111,2,10,40,4008
1112,2,10,41,4213
1113,2,10,42,8705
1114,2,10,43,3021
1115,2,10,44,14238
1116,2,10,45,7512
1117,2,10,46,2212
1118,2,10,47,3522
1119,2,10,48,843
1120,2,10,49,10087
1121,2,10,50,6936
1122,2,10,51,6029
1123,2,10,52,2637
1124,2,10,53,3897
1125,2,10,54,7447
1126,2,10,55,2299
1127,2,10,56,8548
1128,2,10,57,10658
1129,2,10,58,2563
1130,2,10,59,21160
1131,2,10,60,8505
1132,2,10,61,4173
1133,2,10,62,14122
1134,2,10,63,6555
1135,2,10,64,5728
1136,2,10,65,2376
1137,2,10,66,3652
1138,2,10,67,10141
1139,2,10,68,8508
1140,2,10,69,15203
1141,2,10,70,2982
1142,2,10,71,6588
1143,2,10,72,7012
1144,2,10,73,5120
1145,2,10,74,9345
1146,2,10,75,9959
1147,2,10,76,12445
1148,2,10,77,14055
1149,2,10,78,12434
1150,2,10,79,4952
1151,2,10,80,6653
1152,2,10,81,3850
1153,2,10,82,2564
1154,2,10,83,9809
1155,2,10,84,4679
1156,2,10,85,9486
1157,2,10,86,5038
1158,2,10,87,3634
1159,2,10,88,5450
1160,2,10,89,4310
1161,2,10,90,1343
1162,2,10,91,20392
1163,2,10,92,9851
1164,2,10,93,6978
1165,2,10,94,9735
1166,2,10,95,9049
1167,2,10,ZA,1237
1168,2,10,ZB,1563
1169,2,10,ZC,416
1170,2,10,ZD,3631
1171,2,10,ZM,395
1172,2,10,ZN,833
1173,2,10,ZP,2484
1174,2,10,ZS,64
1175,2,10,ZW,43
1176,2,10,ZX,92
1177,2,10,ZZ,5048
1178,2,1,01,73096
1179,2,1,02,80751
1180,2,1,03,61131
1181,2,1,04,24551
1182,2,1,05,21248
1183,2,1,06,111990
1184,2,1,07,52156
1185,2,1,08,44441
1186,2,1,09,33003
1187,2,1,10,36967
1188,2,1,11,65783
1189,2,1,12,53493
1190,2,1,13,255052
1191,2,1,14,117773
1192,2,1,15,30353
1193,2,1,16,68691
1194,2,1,17,107821
1195,2,1,18,48608
1196,2,1,19,67070
1197,2,1,2A,16540
1198,2,1,2B,22489
1199,2,1,21,80321
1200,2,1,22,125333
1201,2,1,23,26447
1202,2,1,24,83050
1203,2,1,25,76592
1204,2,1,26,72207
1205,2,1,27,82464
1206,2,1,28,60882
1207,2,1,29,188720
1208,2,1,30,100778
1209,2,1,31,227695
1210,2,1,32,38446
1211,2,1,33,260043
1212,2,1,34,160931
1213,2,1,35,183935
1214,2,1,36,41505
1215,2,1,37,94210
1216,2,1,38,185538
1217,2,1,39,37910
1218,2,1,40,79861
1219,2,1,41,49347
1220,2,1,42,109122
1221,2,1,43,38253
1222,2,1,44,245708
1223,2,1,45,90617
1224,2,1,46,39369
1225,2,1,47,52893
1226,2,1,48,12579
1227,2,1,49,123534
1228,2,1,50,82773
1229,2,1,51,71432
1230,2,1,52,25970
1231,2,1,53,47146
1232,2,1,54,108870
1233,2,1,55,26313
1234,2,1,56,130453
1235,2,1,57,140323
1236,2,1,58,42631
1237,2,1,59,383471
1238,2,1,60,108574
1239,2,1,61,42159
1240,2,1,62,249971
1241,2,1,63,122244
1242,2,1,64,117823
1243,2,1,65,47983
1244,2,1,66,68593
1245,2,1,67,114702
1246,2,1,68,76580
1247,2,1,69,237779
1248,2,1,70,38661
1249,2,1,71,93198
1250,2,1,72,91722
1251,2,1,73,57469
1252,2,1,74,82482
1253,2,1,75,345635
1254,2,1,76,204448
1255,2,1,77,178537
1256,2,1,78,196485
1257,2,1,79,73911
1258,2,1,80,93379
1259,2,1,81,72647
1260,2,1,82,40297
1261,2,1,83,118023
1262,2,1,84,69878
1263,2,1,85,101079
1264,2,1,86,78591
1265,2,1,87,78249
1266,2,1,88,56495
1267,2,1,89,46667
1268,2,1,90,19484
1269,2,1,91,181506
1270,2,1,92,221233
1271,2,1,93,206537
1272,2,1,94,192781
1273,2,1,95,172658
1274,2,1,ZA,82735
1275,2,1,ZB,76034
1276,2,1,ZC,15943
1277,2,1,ZD,194009
1278,2,1,ZM,13152
1279,2,1,ZN,22235
1280,2,1,ZP,29130
1281,2,1,ZS,888
1282,2,1,ZW,3093
1283,2,1,ZX,2151
1284,2,1,ZZ,114196
1285,3,4,01,81455
1286,3,4,02,102787
1287,3,11,03,45744
1288,3,4,04,24463
1289,3,11,05,18948
1290,3,4,06,163140
1291,3,4,07,45588
1292,3,4,08,47578
1293,3,5,09,25000
1294,3,4,10,48846
1295,3,4,11,60584
1296,3,11,12,45583
1297,3,4,13,286397
1298,3,11,14,99720
1299,3,11,15,24483
1300,3,11,16,49889
1301,3,11,17,91392
1302,3,4,18,41753
1303,3,11,19,39218
1304,3,4,2A,20857
1305,3,4,2B,22183
1306,3,11,21,67436
1307,3,11,22,104969
1308,3,11,23,15807
1309,3,5,24,57132
1310,3,4,25,66635
1311,3,4,26,68996
1312,3,4,27,98717
1313,3,4,28,58886
1314,3,11,29,164094
1315,3,4,30,123273
1316,3,11,31,190021
1317,3,11,32,27775
1318,3,11,33,222282
1319,3,4,34,161119
1320,3,11,35,181373
1321,3,4,36,31985
1322,3,11,37,83165
1323,3,11,38,164089
1324,3,4,39,36110
1325,3,11,40,61073
1326,3,4,41,48662
1327,3,4,42,94222
1328,3,11,43,32819
1329,3,11,44,232602
1330,3,4,45,83662
1331,3,11,46,29527
1332,3,4,47,47271
1333,3,12,48,10986
1334,3,11,49,121685
1335,3,11,50,74798
1336,3,4,51,82473
1337,3,4,52,34027
1338,3,12,53,48772
1339,3,4,54,98194
1340,3,4,55,34602
1341,3,11,56,130639
1342,3,4,57,158552
1343,3,4,58,29815
1344,3,4,59,382030
1345,3,4,60,135176
1346,3,12,61,41084
1347,3,4,62,286147
1348,3,11,63,96797
1349,3,11,64,103958
1350,3,11,65,35002
1351,3,4,66,80169
1352,3,4,67,147595
1353,3,4,68,109704
1354,3,11,69,236151
1355,3,4,70,43753
1356,3,4,71,75257
1357,3,12,72,92261
1358,3,11,73,55871
1359,3,12,74,105050
1360,3,11,75,375006
1361,3,4,76,170945
1362,3,11,77,157373
1363,3,11,78,219061
1364,3,11,79,57826
1365,3,4,80,97081
1366,3,4,81,52402
1367,3,4,82,39183
1368,3,4,83,186376
1369,3,4,84,95937
1370,3,11,85,109989
1371,3,11,86,59146
1372,3,11,87,55577
1373,3,4,88,63924
1374,3,4,89,52640
1375,3,4,90,19249
1376,3,11,91,163389
1377,3,11,92,256687
1378,3,5,93,184037
1379,3,11,94,172202
1380,3,11,95,138993
1381,3,11,ZA,33992
1382,3,5,ZB,29958
1383,3,5,ZC,6633
1384,3,5,ZD,85987
1385,3,12,ZM,10912
1386,3,12,ZN,27065
1387,3,12,ZP,26683
1388,3,5,ZS,933
1389,3,11,ZW,1630
1390,3,12,ZX,2518
1391,3,11,01,73692
1392,3,11,02,51693
1393,3,4,03,43071
1394,3,5,04,22448
1395,3,5,05,18796
1396,3,12,06,161035
1397,3,5,07,42880
1398,3,11,08,26912
1399,3,4,09,20264
1400,3,12,10,37122
1401,3,5,11,46123
1402,3,12,12,36664
1403,3,5,13,231194
1404,3,12,14,82340
1405,3,12,15,21589
1406,3,4,16,42598
1407,3,4,17,80822
1408,3,11,18,38075
1409,3,5,19,30358
1410,3,12,2A,18714
1411,3,12,2B,20684
1412,3,4,21,64202
1413,3,5,22,76013
1414,3,5,23,14827
1415,3,11,24,55945
1416,3,11,25,63954
1417,3,11,26,63214
1418,3,11,27,66986
1419,3,12,28,51275
1420,3,5,29,109607
1421,3,5,30,90905
1422,3,5,31,170277
1423,3,4,32,23387
1424,3,5,33,185857
1425,3,5,34,143996
1426,3,5,35,118094
1427,3,11,36,27301
1428,3,12,37,72196
1429,3,4,38,147908
1430,3,11,39,31896
1431,3,5,40,49976
1432,3,12,41,42756
1433,3,11,42,90677
1434,3,4,43,32185
1435,3,5,44,178357
1436,3,11,45,83506
1437,3,5,46,26014
1438,3,11,47,39253
1439,3,11,48,10463
1440,3,12,49,108888
1441,3,12,50,64992
1442,3,12,51,65080
1443,3,12,52,19590
1444,3,11,53,46938
1445,3,11,54,83703
1446,3,11,55,20713
1447,3,12,56,97900
1448,3,11,57,117738
1449,3,11,58,27354
1450,3,5,59,288115
1451,3,11,60,86682
1452,3,4,61,39532
1453,3,5,62,159342
1454,3,5,63,78417
1455,3,5,64,78803
1456,3,5,65,32095
1457,3,5,66,56392
1458,3,11,67,133254
1459,3,12,68,90237
1460,3,12,69,205651
1461,3,11,70,27332
1462,3,11,71,69212
1463,3,4,72,67082
1464,3,4,73,52448
1465,3,11,74,100174
1466,3,12,75,284744
1467,3,5,76,152394
1468,3,4,77,155609
1469,3,12,78,206835
1470,3,5,79,41609
1471,3,11,80,69520
1472,3,11,81,51755
1473,3,11,82,30319
1474,3,12,83,152316
1475,3,5,84,60856
1476,3,12,85,106804
1477,3,5,86,49061
1478,3,5,87,46549
1479,3,11,88,43604
1480,3,12,89,36739
1481,3,11,90,14772
1482,3,5,91,136392
1483,3,12,92,231553
1484,3,11,93,130031
1485,3,5,94,149112
1486,3,5,95,131635
1487,3,5,ZA,27139
1488,3,11,ZB,27951
1489,3,4,ZC,6519
1490,3,4,ZD,82219
1491,3,4,ZM,9130
1492,3,4,ZN,25290
1493,3,4,ZP,24599
1494,3,4,ZS,478
1495,3,12,ZW,1526
1496,3,4,ZX,1834
1497,3,12,01,69804
1498,3,5,02,48959
1499,3,5,03,38324
1500,3,11,04,19960
1501,3,4,05,18474
1502,3,11,06,111943
1503,3,11,07,42703
1504,3,5,08,26172
1505,3,11,09,19529
1506,3,11,10,30565
1507,3,11,11,43012
1508,3,5,12,34689
1509,3,12,13,207467
1510,3,4,14,81770
1511,3,4,15,16635
1512,3,5,16,40755
1513,3,12,17,78689
1514,3,5,18,33693
1515,3,12,19,25427
1516,3,11,2A,13022
1517,3,11,2B,15506
1518,3,12,21,60624
1519,3,12,22,68916
1520,3,4,23,13966
1521,3,4,24,52044
1522,3,12,25,59929
1523,3,5,26,57986
1524,3,12,27,63436
1525,3,11,28,51038
1526,3,12,29,99965
1527,3,11,30,79006
1528,3,4,31,120105
1529,3,5,32,23089
1530,3,4,33,155319
1531,3,11,34,128621
1532,3,12,35,114034
1533,3,12,36,25476
1534,3,5,37,65931
1535,3,5,38,135947
1536,3,5,39,30331
1537,3,4,40,44977
1538,3,11,41,40639
1539,3,5,42,73388
1540,3,12,43,25956
1541,3,12,44,159703
1542,3,12,45,75655
1543,3,12,46,18459
1544,3,5,47,36018
1545,3,5,48,9483
1546,3,5,49,78293
1547,3,4,50,61736
1548,3,11,51,60958
1549,3,11,52,18438
1550,3,4,53,30465
1551,3,5,54,77300
1552,3,12,55,19287
1553,3,4,56,82927
1554,3,5,57,100117
1555,3,5,58,23077
1556,3,11,59,268723
1557,3,5,60,77415
1558,3,11,61,35815
1559,3,11,62,153682
1560,3,4,63,63030
1561,3,12,64,71858
1562,3,4,65,25930
1563,3,11,66,49245
1564,3,12,67,131495
1565,3,11,68,79798
1566,3,5,69,175111
1567,3,12,70,25184
1568,3,12,71,60100
1569,3,11,72,64617
1570,3,12,73,50815
1571,3,4,74,77918
1572,3,5,75,210548
1573,3,11,76,145756
1574,3,5,77,141867
1575,3,5,78,126340
1576,3,12,79,40195
1577,3,5,80,59491
1578,3,5,81,48094
1579,3,5,82,27841
1580,3,11,83,108597
1581,3,12,84,59546
1582,3,4,85,77590
1583,3,4,86,47024
1584,3,4,87,37937
1585,3,12,88,39579
1586,3,11,89,36234
1587,3,5,90,13672
1588,3,12,91,112474
1589,3,5,92,145289
1590,3,4,93,73456
1591,3,12,94,122814
1592,3,12,95,101242
1593,3,12,ZA,16337
1594,3,12,ZB,18444
1595,3,11,ZC,5031
1596,3,11,ZD,66292
1597,3,11,ZM,6403
1598,3,11,ZN,11089
1599,3,11,ZP,11128
1600,3,11,ZS,473
1601,3,13,ZW,1349
1602,3,11,ZX,1572
1603,3,5,01,51736
1604,3,12,02,46985
1605,3,12,03,36499
1606,3,12,04,18442
1607,3,12,05,16645
1608,3,5,06,87941
1609,3,12,07,34182
1610,3,12,08,25273
1611,3,12,09,11901
1612,3,5,10,22496
1613,3,12,11,32280
1614,3,4,12,28588
1615,3,11,13,203312
1616,3,5,14,75620
1617,3,5,15,14566
1618,3,12,16,33744
1619,3,5,17,72534
1620,3,12,18,32966
1621,3,4,19,25253
1622,3,5,2A,10085
1623,3,5,2B,11121
1624,3,5,21,50859
1625,3,4,22,61703
1626,3,12,23,12637
1627,3,12,24,42510
1628,3,5,25,50803
1629,3,12,26,53403
1630,3,5,27,58844
1631,3,5,28,38035
1632,3,4,29,77366
1633,3,12,30,72366
1634,3,12,31,118556
1635,3,12,32,21312
1636,3,12,33,145283
1637,3,12,34,110339
1638,3,4,35,84646
1639,3,5,36,24938
1640,3,4,37,64522
1641,3,12,38,112925
1642,3,12,39,28373
1643,3,12,40,42487
1644,3,5,41,31576
1645,3,12,42,71848
1646,3,5,43,25418
1647,3,4,44,111194
1648,3,5,45,58134
1649,3,4,46,17864
1650,3,12,47,34828
1651,3,4,48,9097
1652,3,4,49,77935
1653,3,5,50,51135
1654,3,5,51,44424
1655,3,5,52,15380
1656,3,5,53,26798
1657,3,12,54,62654
1658,3,5,55,16020
1659,3,5,56,82020
1660,3,12,57,96003
1661,3,12,58,20771
1662,3,12,59,226710
1663,3,12,60,76783
1664,3,5,61,24542
1665,3,12,62,119077
1666,3,12,63,58432
1667,3,4,64,54376
1668,3,12,65,20225
1669,3,12,66,45865
1670,3,5,67,88376
1671,3,5,68,57856
1672,3,4,69,144485
1673,3,5,70,22150
1674,3,5,71,55249
1675,3,5,72,56851
1676,3,5,73,45013
1677,3,5,74,67077
1678,3,13,75,109550
1679,3,12,76,118336
1680,3,12,77,121045
1681,3,4,78,98024
1682,3,4,79,38640
1683,3,12,80,51834
1684,3,12,81,41052
1685,3,12,82,25992
1686,3,5,83,94184
1687,3,11,84,58135
1688,3,5,85,63155
1689,3,12,86,42703
1690,3,12,87,32521
1691,3,5,88,36524
1692,3,5,89,30815
1693,3,12,90,12668
1694,3,4,91,102461
1695,3,4,92,60731
1696,3,12,93,69018
1697,3,4,94,69878
1698,3,4,95,94384
1699,3,4,ZA,15203
1700,3,4,ZB,11975
1701,3,12,ZC,3934
1702,3,12,ZD,60508
1703,3,5,ZM,2808
1704,3,13,ZN,8125
1705,3,5,ZP,5951
1706,3,12,ZS,261
1707,3,4,ZW,380
1708,3,5,ZX,1153
1709,3,10,01,19788
1710,3,10,02,14652
1711,3,13,03,10639
1712,3,13,04,4983
1713,3,13,05,5109
1714,3,10,06,25175
1715,3,13,07,11844
1716,3,10,08,7810
1717,3,13,09,7339
1718,3,10,10,10235
1719,3,13,11,13614
1720,3,13,12,10878
1721,3,13,13,47564
1722,3,13,14,27293
1723,3,13,15,4810
1724,3,13,16,12569
1725,3,13,17,22033
1726,3,10,18,9554
1727,3,13,19,9263
1728,3,14,2A,3948
1729,3,14,2B,4819
1730,3,13,21,16810
1731,3,13,22,32260
1732,3,13,23,5494
1733,3,13,24,15783
1734,3,13,25,16318
1735,3,13,26,17385
1736,3,10,27,19096
1737,3,10,28,14103
1738,3,13,29,60781
1739,3,13,30,20473
1740,3,13,31,60150
1741,3,13,32,9527
1742,3,13,33,64300
1743,3,13,34,36180
1744,3,13,35,53418
1745,3,13,36,7786
1746,3,13,37,22898
1747,3,13,38,43652
1748,3,10,39,8533
1749,3,13,40,21558
1750,3,10,41,11646
1751,3,13,42,22698
1752,3,10,43,8346
1753,3,13,44,65140
1754,3,10,45,21128
1755,3,13,46,7950
1756,3,13,47,10639
1757,3,13,48,2733
1758,3,13,49,29553
1759,3,13,50,19277
1760,3,10,51,16896
1761,3,10,52,6417
1762,3,13,53,10247
1763,3,13,54,23626
1764,3,10,55,6802
1765,3,13,56,34368
1766,3,10,57,32525
1767,3,13,58,7852
1768,3,13,59,76531
1769,3,10,60,23936
1770,3,10,61,9644
1771,3,13,62,43084
1772,3,13,63,25814
1773,3,13,64,30589
1774,3,13,65,9926
1775,3,13,66,13455
1776,3,10,67,39253
1777,3,10,68,28562
1778,3,13,69,60113
1779,3,10,70,8176
1780,3,13,71,19184
1781,3,13,72,17195
1782,3,13,73,13752
1783,3,10,74,24784
1784,3,4,75,53719
1785,3,13,76,41516
1786,3,10,77,41528
1787,3,13,78,52564
1788,3,13,79,14950
1789,3,10,80,15462
1790,3,13,81,15530
1791,3,13,82,8567
1792,3,10,83,29177
1793,3,10,84,14427
1794,3,10,85,24211
1795,3,13,86,16861
1796,3,13,87,16136
1797,3,10,88,14323
1798,3,10,89,11668
1799,3,13,90,4189
1800,3,10,91,44792
1801,3,13,92,57114
1802,3,13,93,45488
1803,3,13,94,47228
1804,3,13,95,37588
1805,3,13,ZA,11188
1806,3,13,ZB,10673
1807,3,13,ZC,1528
1808,3,13,ZD,26872
1809,3,13,ZM,1454
1810,3,5,ZN,7703
1811,3,13,ZP,2203
1812,3,13,ZS,217
1813,3,5,ZW,192
1814,3,13,ZX,247
1815,3,13,01,16711
1816,3,13,02,12231
1817,3,10,03,9819
1818,3,10,04,4860
1819,3,10,05,4938
1820,3,13,06,21067
1821,3,10,07,9994
1822,3,13,08,7234
1823,3,10,09,3371
1824,3,13,10,6545
1825,3,10,11,8265
1826,3,10,12,8554
1827,3,10,13,40447
1828,3,10,14,20079
1829,3,10,15,4047
1830,3,10,16,10008
1831,3,10,17,20349
1832,3,13,18,9157
1833,3,10,19,7049
1834,3,13,2A,2546
1835,3,13,2B,3234
1836,3,10,21,14980
1837,3,10,22,15958
1838,3,10,23,3521
1839,3,10,24,11424
1840,3,10,25,14733
1841,3,10,26,14997
1842,3,13,27,16999
1843,3,13,28,12317
1844,3,10,29,22737
1845,3,10,30,17808
1846,3,10,31,27805
1847,3,10,32,5378
1848,3,10,33,35530
1849,3,10,34,23159
1850,3,10,35,26822
1851,3,10,36,7177
1852,3,10,37,18452
1853,3,10,38,33773
1854,3,13,39,7589
1855,3,10,40,11024
1856,3,13,41,10956
1857,3,10,42,22689
1858,3,13,43,7435
1859,3,10,44,36546
1860,3,13,45,20438
1861,3,10,46,4550
1862,3,10,47,9407
1863,3,10,48,2197
1864,3,10,49,25321
1865,3,10,50,17102
1866,3,13,51,13683
1867,3,13,52,4292
1868,3,10,53,10107
1869,3,10,54,19331
1870,3,13,55,4918
1871,3,10,56,22411
1872,3,13,57,29480
1873,3,10,58,6443
1874,3,10,59,65245
1875,3,13,60,20534
1876,3,13,61,8659
1877,3,10,62,41427
1878,3,10,63,15645
1879,3,14,64,29882
1880,3,14,65,6928
1881,3,10,66,9741
1882,3,13,67,31953
1883,3,13,68,18694
1884,3,10,69,38426
1885,3,13,70,6596
1886,3,10,71,18961
1887,3,10,72,13657
1888,3,10,73,13673
1889,3,13,74,21805
1890,3,10,75,17997
1891,3,10,76,33036
1892,3,13,77,38782
1893,3,10,78,32906
1894,3,10,79,11356
1895,3,13,80,14260
1896,3,10,81,11440
1897,3,10,82,7233
1898,3,13,83,21089
1899,3,13,84,13532
1900,3,13,85,21356
1901,3,10,86,11920
1902,3,10,87,9285
1903,3,13,88,10887
1904,3,13,89,8846
1905,3,10,90,3770
1906,3,13,91,42072
1907,3,10,92,21359
1908,3,10,93,16583
1909,3,10,94,26252
1910,3,10,95,24831
1911,3,6,ZA,2308
1912,3,6,ZB,3230
1913,3,6,ZC,1405
1914,3,10,ZD,10123
1915,3,10,ZM,1030
1916,3,10,ZN,2521
1917,3,10,ZP,1767
1918,3,10,ZS,79
1919,3,10,ZW,79
1920,3,10,ZX,216
1921,3,15,01,3612
1922,3,6,02,3156
1923,3,14,03,2988
1924,3,14,04,1721
1925,3,14,05,1609
1926,3,15,06,6067
1927,3,14,07,3581
1928,3,6,08,1693
1929,3,14,09,3305
1930,3,6,10,1387
1931,3,14,11,4642
1932,3,14,12,6461
1933,3,14,13,10040
1934,3,6,14,5269
1935,3,14,15,2840
1936,3,14,16,3085
1937,3,14,17,5282
1938,3,6,18,2106
1939,3,14,19,4253
1940,3,10,2A,2218
1941,3,10,2B,2244
1942,3,6,21,2818
1943,3,6,22,5468
1944,3,14,23,1352
1945,3,14,24,6050
1946,3,6,25,3565
1947,3,14,26,3868
1948,3,6,27,3933
1949,3,6,28,2659
1950,3,6,29,8250
1951,3,14,30,5946
1952,3,14,31,14438
1953,3,14,32,5059
1954,3,14,33,16459
1955,3,14,34,8461
1956,3,6,35,7065
1957,3,6,36,1757
1958,3,6,37,3907
1959,3,15,38,6558
1960,3,14,39,1994
1961,3,14,40,10490
1962,3,6,41,2198
1963,3,14,42,5041
1964,3,14,43,3112
1965,3,6,44,9618
1966,3,6,45,3655
1967,3,14,46,3073
1968,3,14,47,6083
1969,3,14,48,1764
1970,3,6,49,5696
1971,3,6,50,4146
1972,3,6,51,2762
1973,3,6,52,1233
1974,3,6,53,2242
1975,3,6,54,4483
1976,3,6,55,1430
1977,3,6,56,6309
1978,3,6,57,6975
1979,3,6,58,1545
1980,3,6,59,13151
1981,3,6,60,4683
1982,3,6,61,2147
1983,3,6,62,9002
1984,3,14,63,7348
1985,3,10,64,14727
1986,3,10,65,5868
1987,3,14,66,4634
1988,3,15,67,6837
1989,3,15,68,5217
1990,3,15,69,9187
1991,3,6,70,2021
1992,3,6,71,3588
1993,3,6,72,3565
1994,3,14,73,3152
1995,3,15,74,5021
1996,3,15,75,8335
1997,3,6,76,8321
1998,3,15,77,8197
1999,3,15,78,8147
2000,3,6,79,3483
2001,3,6,80,3661
2002,3,14,81,7105
2003,3,14,82,3660
2004,3,14,83,6933
2005,3,14,84,3986
2006,3,6,85,5219
2007,3,6,86,3642
2008,3,14,87,3518
2009,3,6,88,3229
2010,3,6,89,2128
2011,3,15,90,941
2012,3,15,91,7514
2013,3,15,92,8453
2014,3,15,93,8731
2015,3,15,94,7303
2016,3,15,95,7715
2017,3,10,ZA,2042
2018,3,10,ZB,2340
2019,3,15,ZC,480
2020,3,15,ZD,6029
2021,3,6,ZM,629
2022,3,15,ZN,2098
2023,3,15,ZP,1205
2024,3,6,ZS,64
2025,3,7,ZW,54
2026,3,15,ZX,112
2027,3,14,01,3465
2028,3,7,02,2764
2029,3,6,03,2328
2030,3,6,04,1178
2031,3,6,05,1049
2032,3,14,06,5262
2033,3,6,07,2623
2034,3,14,08,1406
2035,3,6,09,1183
2036,3,15,10,1317
2037,3,6,11,2507
2038,3,6,12,2322
2039,3,15,13,9418
2040,3,7,14,3099
2041,3,6,15,1179
2042,3,6,16,2724
2043,3,6,17,4878
2044,3,14,18,1925
2045,3,6,19,2319
2046,3,6,2A,657
2047,3,6,2B,723
2048,3,14,21,2635
2049,3,14,22,3554
2050,3,6,23,1209
2051,3,6,24,3578
2052,3,15,25,3129
2053,3,6,26,3174
2054,3,15,27,2927
2055,3,15,28,2253
2056,3,14,29,6192
2057,3,15,30,4096
2058,3,6,31,7105
2059,3,6,32,1254
2060,3,6,33,13233
2061,3,15,34,5919
2062,3,14,35,4531
2063,3,14,36,1728
2064,3,14,37,2929
2065,3,14,38,6537
2066,3,6,39,1980
2067,3,6,40,2876
2068,3,14,41,1843
2069,3,6,42,4107
2070,3,6,43,1928
2071,3,15,44,6129
2072,3,14,45,3203
2073,3,6,46,1528
2074,3,6,47,2292
2075,3,6,48,683
2076,3,7,49,3860
2077,3,7,50,2595
2078,3,15,51,2441
2079,3,14,52,1126
2080,3,7,53,1627
2081,3,15,54,3458
2082,3,14,55,1294
2083,3,14,56,4820
2084,3,15,57,5977
2085,3,14,58,1363
2086,3,15,59,11450
2087,3,15,60,4666
2088,3,7,61,1513
2089,3,7,62,8667
2090,3,6,63,4730
2091,3,6,64,6371
2092,3,6,65,1578
2093,3,6,66,3053
2094,3,6,67,6553
2095,3,14,68,5004
2096,3,6,69,7150
2097,3,14,70,1512
2098,3,14,71,3153
2099,3,7,72,2452
2100,3,15,73,2608
2101,3,14,74,4649
2102,3,6,75,6799
2103,3,7,76,5356
2104,3,6,77,6354
2105,3,6,78,5448
2106,3,14,79,2599
2107,3,7,80,3111
2108,3,6,81,2721
2109,3,6,82,1573
2110,3,15,83,5860
2111,3,15,84,2888
2112,3,14,85,3810
2113,3,14,86,2861
2114,3,6,87,3044
2115,3,14,88,2750
2116,3,14,89,1987
2117,3,6,90,886
2118,3,6,91,5755
2119,3,6,92,5033
2120,3,6,93,6048
2121,3,6,94,5226
2122,3,6,95,5050
2123,3,7,ZA,1980
2124,3,7,ZB,2257
2125,3,10,ZC,471
2126,3,7,ZD,5190
2127,3,15,ZM,411
2128,3,6,ZN,1284
2129,3,6,ZP,755
2130,3,14,ZS,54
2131,3,15,ZW,50
2132,3,6,ZX,92
2133,3,6,01,3098
2134,3,14,02,2265
2135,3,7,03,1543
2136,3,15,04,932
2137,3,15,05,783
2138,3,6,06,3622
2139,3,15,07,1985
2140,3,7,08,1378
2141,3,15,09,799
2142,3,14,10,1159
2143,3,15,11,1783
2144,3,15,12,1304
2145,3,6,13,8006
2146,3,14,14,2911
2147,3,7,15,692
2148,3,7,16,1651
2149,3,15,17,3020
2150,3,7,18,1630
2151,3,15,19,1094
2152,3,15,2A,485
2153,3,15,2B,482
2154,3,15,21,2457
2155,3,7,22,3028
2156,3,7,23,684
2157,3,15,24,2128
2158,3,14,25,2532
2159,3,15,26,2988
2160,3,7,27,2633
2161,3,14,28,1942
2162,3,15,29,3697
2163,3,6,30,4044
2164,3,15,31,5958
2165,3,15,32,1037
2166,3,15,33,7045
2167,3,6,34,5660
2168,3,7,35,4338
2169,3,7,36,1390
2170,3,15,37,2620
2171,3,6,38,6383
2172,3,15,39,1330
2173,3,15,40,1919
2174,3,7,41,1542
2175,3,15,42,3483
2176,3,15,43,1050
2177,3,14,44,6029
2178,3,15,45,3109
2179,3,15,46,871
2180,3,15,47,1660
2181,3,15,48,354
2182,3,14,49,3483
2183,3,14,50,2524
2184,3,14,51,2351
2185,3,7,52,926
2186,3,14,53,1525
2187,3,14,54,3236
2188,3,7,55,886
2189,3,7,56,3291
2190,3,14,57,5763
2191,3,7,58,1002
2192,3,7,59,10975
2193,3,7,60,3677
2194,3,14,61,1480
2195,3,14,62,5832
2196,3,15,63,2910
2197,3,15,64,2782
2198,3,15,65,1023
2199,3,15,66,2303
2200,3,14,67,6419
2201,3,6,68,4727
2202,3,14,69,6702
2203,3,7,70,1325
2204,3,15,71,2535
2205,3,14,72,2141
2206,3,6,73,2578
2207,3,6,74,4263
2208,3,14,75,5490
2209,3,15,76,5205
2210,3,14,77,5185
2211,3,14,78,5371
2212,3,7,79,1869
2213,3,14,80,2365
2214,3,15,81,1822
2215,3,15,82,1337
2216,3,6,83,4655
2217,3,6,84,2805
2218,3,7,85,3294
2219,3,7,86,2074
2220,3,7,87,1850
2221,3,15,88,2223
2222,3,15,89,1775
2223,3,14,90,668
2224,3,14,91,4468
2225,3,14,92,4747
2226,3,7,93,3238
2227,3,14,94,3957
2228,3,14,95,3980
2229,3,15,ZA,1319
2230,3,15,ZB,1407
2231,3,7,ZC,462
2232,3,6,ZD,4376
2233,3,7,ZM,336
2234,3,7,ZN,836
2235,3,7,ZP,690
2236,3,15,ZS,36
2237,3,6,ZW,41
2238,3,14,ZX,68
2239,3,7,01,1842
2240,3,15,02,2171
2241,3,15,03,1483
2242,3,7,04,521
2243,3,7,05,411
2244,3,7,06,1729
2245,3,7,07,1317
2246,3,15,08,1080
2247,3,7,09,557
2248,3,7,10,1107
2249,3,7,11,1195
2250,3,7,12,1106
2251,3,7,13,4114
2252,3,15,14,2830
2253,3,15,15,527
2254,3,15,16,1540
2255,3,7,17,2576
2256,3,15,18,1479
2257,3,7,19,1051
2258,3,7,2A,218
2259,3,7,2B,277
2260,3,7,21,1795
2261,3,15,22,2479
2262,3,15,23,580
2263,3,7,24,1626
2264,3,7,25,2051
2265,3,7,26,2196
2266,3,14,27,2602
2267,3,7,28,1817
2268,3,7,29,3638
2269,3,7,30,2092
2270,3,7,31,3167
2271,3,7,32,677
2272,3,7,33,3980
2273,3,7,34,2496
2274,3,15,35,3993
2275,3,15,36,1098
2276,3,7,37,2606
2277,3,7,38,3595
2278,3,7,39,1148
2279,3,7,40,1238
2280,3,15,41,1516
2281,3,7,42,2547
2282,3,7,43,1043
2283,3,7,44,4785
2284,3,7,45,2380
2285,3,7,46,723
2286,3,7,47,1044
2287,3,7,48,294
2288,3,15,49,3439
2289,3,15,50,2050
2290,3,7,51,2176
2291,3,15,52,813
2292,3,15,53,1182
2293,3,7,54,2948
2294,3,15,55,856
2295,3,15,56,3249
2296,3,7,57,4929
2297,3,15,58,958
2298,3,14,59,8535
2299,3,14,60,3414
2300,3,15,61,1291
2301,3,15,62,5484
2302,3,7,63,2699
2303,3,7,64,1799
2304,3,7,65,766
2305,3,7,66,1477
2306,3,7,67,4845
2307,3,7,68,3101
2308,3,7,69,4064
2309,3,15,70,1206
2310,3,7,71,2201
2311,3,15,72,2074
2312,3,7,73,1219
2313,3,7,74,1919
2314,3,7,75,2897
2315,3,14,76,4383
2316,3,7,77,3706
2317,3,7,78,2872
2318,3,15,79,1478
2319,3,15,80,2272
2320,3,7,81,1397
2321,3,7,82,830
2322,3,7,83,2274
2323,3,7,84,1390
2324,3,15,85,2705
2325,3,15,86,1896
2326,3,15,87,1557
2327,3,7,88,2004
2328,3,7,89,1380
2329,3,7,90,592
2330,3,7,91,2924
2331,3,7,92,2447
2332,3,14,93,3159
2333,3,7,94,2749
2334,3,7,95,2762
2335,3,14,ZA,658
2336,3,14,ZB,871
2337,3,14,ZC,273
2338,3,14,ZD,1939
2339,3,14,ZM,190
2340,3,14,ZN,695
2341,3,14,ZP,447
2342,3,7,ZS,28
2343,3,14,ZW,29
2344,3,7,ZX,35
2345,3,8,01,595
2346,3,8,02,536
2347,3,8,03,355
2348,3,8,04,205
2349,3,8,05,165
2350,3,8,06,939
2351,3,8,07,376
2352,3,8,08,267
2353,3,8,09,140
2354,3,8,10,289
2355,3,8,11,348
2356,3,8,12,313
2357,3,8,13,1740
2358,3,8,14,691
2359,3,8,15,198
2360,3,8,16,450
2361,3,8,17,693
2362,3,8,18,345
2363,3,8,19,329
2364,3,8,2A,117
2365,3,8,2B,235
2366,3,8,21,509
2367,3,8,22,621
2368,3,8,23,174
2369,3,8,24,490
2370,3,8,25,530
2371,3,8,26,533
2372,3,8,27,602
2373,3,8,28,454
2374,3,8,29,857
2375,3,8,30,673
2376,3,8,31,1289
2377,3,8,32,188
2378,3,8,33,1527
2379,3,8,34,894
2380,3,8,35,1021
2381,3,8,36,298
2382,3,8,37,679
2383,3,8,38,1140
2384,3,8,39,285
2385,3,8,40,373
2386,3,8,41,404
2387,3,8,42,667
2388,3,8,43,282
2389,3,8,44,1354
2390,3,8,45,702
2391,3,8,46,226
2392,3,8,47,327
2393,3,8,48,93
2394,3,8,49,803
2395,3,8,50,623
2396,3,8,51,525
2397,3,8,52,198
2398,3,8,53,329
2399,3,8,54,733
2400,3,8,55,237
2401,3,8,56,901
2402,3,8,57,1167
2403,3,8,58,234
2404,3,8,59,2338
2405,3,8,60,827
2406,3,8,61,350
2407,3,8,62,1408
2408,3,8,63,755
2409,3,8,64,508
2410,3,8,65,200
2411,3,8,66,453
2412,3,8,67,1206
2413,3,8,68,1010
2414,3,8,69,1444
2415,3,8,70,267
2416,3,8,71,509
2417,3,8,72,547
2418,3,8,73,430
2419,3,8,74,827
2420,3,8,75,1472
2421,3,8,76,1278
2422,3,8,77,1247
2423,3,8,78,1358
2424,3,8,79,393
2425,3,8,80,579
2426,3,8,81,439
2427,3,8,82,266
2428,3,8,83,977
2429,3,8,84,543
2430,3,8,85,696
2431,3,8,86,560
2432,3,8,87,440
2433,3,8,88,455
2434,3,8,89,341
2435,3,8,90,167
2436,3,8,91,1241
2437,3,8,92,1345
2438,3,8,93,1088
2439,3,8,94,1066
2440,3,8,95,979
2441,3,8,ZA,327
2442,3,8,ZB,374
2443,3,8,ZC,98
2444,3,8,ZD,944
2445,3,8,ZM,166
2446,3,8,ZN,240
2447,3,8,ZP,201
2448,3,8,ZS,9
2449,3,8,ZW,18
2450,3,8,ZX,18
2451,4,11,01,173832
2452,4,11,02,119202
2453,4,11,03,106568
2454,4,11,04,48993
2455,4,11,05,47211
2456,4,11,06,278937
2457,4,11,07,104588
2458,4,11,08,64423
2459,4,11,09,48015
2460,4,11,10,75806
2461,4,11,11,100897
2462,4,11,12,109340
2463,4,11,13,519335
2464,4,11,14,232952
2465,4,11,15,55411
2466,4,11,16,113700
2467,4,11,17,215465
2468,4,11,18,90377
2469,4,11,19,88029
2470,4,11,2A,31140
2471,4,11,2B,36101
2472,4,11,21,159610
2473,4,11,22,236953
2474,4,11,23,39239
2475,4,11,24,135563
2476,4,11,25,158304
2477,4,11,26,157990
2478,4,11,27,158856
2479,4,11,28,122420
2480,4,11,29,371332
2481,4,11,30,194989
2482,4,11,31,436940
2483,4,11,32,67568
2484,4,11,33,515527
2485,4,11,34,312481
2486,4,11,35,403293
2487,4,11,36,68483
2488,4,11,37,201199
2489,4,11,38,383196
2490,4,11,39,79268
2491,4,11,40,146619
2492,4,11,41,100778
2493,4,11,42,218602
2494,4,11,43,76233
2495,4,11,44,530409
2496,4,11,45,195003
2497,4,11,46,66874
2498,4,11,47,97415
2499,4,11,48,26994
2500,4,11,49,288817
2501,4,11,50,176692
2502,4,11,51,144840
2503,4,11,52,45192
2504,4,11,53,112191
2505,4,11,54,198751
2506,4,11,55,48299
2507,4,11,56,289594
2508,4,11,57,282724
2509,4,11,58,62719
2510,4,11,59,670033
2511,4,11,60,202476
2512,4,11,61,88484
2513,4,11,62,352572
2514,4,11,63,219454
2515,4,11,64,253617
2516,4,11,65,79792
2517,4,11,66,119755
2518,4,11,67,330940
2519,4,11,68,203596
2520,4,11,69,572295
2521,4,11,70,63540
2522,4,11,71,166948
2523,4,11,72,170153
2524,4,11,73,135118
2525,4,11,74,249127
2526,4,11,75,849251
2527,4,11,76,355280
2528,4,11,77,369762
2529,4,11,78,503655
2530,4,11,79,135827
2531,4,11,80,153242
2532,4,11,81,125591
2533,4,11,82,71987
2534,4,11,83,266724
2535,4,11,84,145963
2536,4,11,85,254602
2537,4,11,86,143712
2538,4,11,87,126418
2539,4,11,88,106097
2540,4,11,89,89529
2541,4,11,90,36340
2542,4,11,91,382650
2543,4,11,92,590961
2544,4,11,93,368561
2545,4,11,94,419145
2546,4,11,95,342000
2547,4,11,ZA,100635
2548,4,11,ZB,104307
2549,4,11,ZC,21769
2550,4,11,ZD,212097
2551,4,11,ZM,19267
2552,4,11,ZN,47902
2553,4,11,ZP,52378
2554,4,11,ZS,1467
2555,4,11,ZW,4715
2556,4,11,ZX,5282
2557,4,4,01,111396
2558,4,4,02,133939
2559,4,4,03,60198
2560,4,4,04,34816
2561,4,4,05,26417
2562,4,4,06,224770
2563,4,4,07,63105
2564,4,4,08,62571
2565,4,4,09,28089
2566,4,4,10,64183
2567,4,4,11,81443
2568,4,4,12,40838
2569,4,4,13,378455
2570,4,4,14,114101
2571,4,4,15,23938
2572,4,4,16,59916
2573,4,4,17,116854
2574,4,4,18,57358
2575,4,4,19,35955
2576,4,4,2A,30415
2577,4,4,2B,32963
2578,4,4,21,89114
2579,4,4,22,85554
2580,4,4,23,20428
2581,4,4,24,75305
2582,4,4,25,89935
2583,4,4,26,94310
2584,4,4,27,133415
2585,4,4,28,80692
2586,4,4,29,108890
2587,4,4,30,161115
2588,4,4,31,166666
2589,4,4,32,33423
2590,4,4,33,220269
2591,4,4,34,215174
2592,4,4,35,115942
2593,4,4,36,43954
2594,4,4,37,89435
2595,4,4,38,199093
2596,4,4,39,49887
2597,4,4,40,66661
2598,4,4,41,65895
2599,4,4,42,123713
2600,4,4,43,44110
2601,4,4,44,157184
2602,4,4,45,113735
2603,4,4,46,25865
2604,4,4,47,66390
2605,4,4,48,13275
2606,4,4,49,107781
2607,4,4,50,86133
2608,4,4,51,109226
2609,4,4,52,44331
2610,4,4,53,43581
2611,4,4,54,128901
2612,4,4,55,45271
2613,4,4,56,115076
2614,4,4,57,207585
2615,4,4,58,41944
2616,4,4,59,507535
2617,4,4,60,177582
2618,4,4,61,55070
2619,4,4,62,382788
2620,4,4,63,88178
2621,4,4,64,85377
2622,4,4,65,37224
2623,4,4,66,106713
2624,4,4,67,193789
2625,4,4,68,147599
2626,4,4,69,205467
2627,4,4,70,59338
2628,4,4,71,103942
2629,4,4,72,98523
2630,4,4,73,73598
2631,4,4,74,113718
2632,4,4,75,97770
2633,4,4,76,232824
2634,4,4,77,209221
2635,4,4,78,149137
2636,4,4,79,54039
2637,4,4,80,129545
2638,4,4,81,71856
2639,4,4,82,53166
2640,4,4,83,257768
2641,4,4,84,127112
2642,4,4,85,109524
2643,4,4,86,65255
2644,4,4,87,51763
2645,4,4,88,85924
2646,4,4,89,73136
2647,4,4,90,26121
2648,4,4,91,147509
2649,4,4,92,99032
2650,4,4,93,99118
2651,4,4,94,102673
2652,4,4,95,129535
2653,4,4,ZA,33310
2654,4,4,ZB,30195
2655,4,4,ZC,11777
2656,4,4,ZD,139873
2657,4,4,ZM,14444
2658,4,4,ZN,43217
2659,4,4,ZP,37319
2660,4,4,ZS,851
2661,4,4,ZW,1243
2662,4,4,ZX,2840
2663,5,7,01,1658
2664,5,7,02,2038
2665,5,7,03,1359
2666,5,7,04,505
2667,5,7,05,428
2668,5,7,06,1627
2669,5,7,07,1219
2670,5,7,08,1081
2671,5,7,09,417
2672,5,7,10,1005
2673,5,7,11,1026
2674,5,7,12,894
2675,5,7,13,3578
2676,5,7,14,2757
2677,5,7,15,555
2678,5,7,16,1319
2679,5,7,17,2330
2680,5,7,18,1304
2681,5,7,19,885
2682,5,7,2A,197
2683,5,7,2B,257
2684,5,7,21,1775
2685,5,7,22,2603
2686,5,7,23,490
2687,5,7,24,1294
2688,5,7,25,2069
2689,5,7,26,2041
2690,5,7,27,2197
2691,5,7,28,1419
2692,5,7,29,3627
2693,5,7,30,1768
2694,5,7,31,3006
2695,5,7,32,529
2696,5,7,33,3679
2697,5,7,34,2580
2698,5,7,35,3783
2699,5,7,36,1085
2700,5,7,37,2243
2701,5,7,38,3479
2702,5,7,39,1053
2703,5,7,40,1115
2704,5,7,41,1246
2705,5,7,42,2390
2706,5,7,43,1020
2707,5,7,44,4712
2708,5,7,45,1959
2709,5,7,46,618
2710,5,7,47,889
2711,5,7,48,235
2712,5,7,49,3071
2713,5,7,50,2249
2714,5,7,51,1778
2715,5,7,52,696
2716,5,7,53,1273
2717,5,7,54,2373
2718,5,7,55,702
2719,5,7,56,2952
2720,5,7,57,3499
2721,5,7,58,833
2722,5,7,59,7673
2723,5,7,60,2859
2724,5,7,61,1203
2725,5,7,62,5887
2726,5,7,63,2556
2727,5,7,64,1677
2728,5,7,65,636
2729,5,7,66,1312
2730,5,7,67,3687
2731,5,7,68,2265
2732,5,7,69,3774
2733,5,7,70,1171
2734,5,7,71,1979
2735,5,7,72,2150
2736,5,7,73,1205
2737,5,7,74,1880
2738,5,7,75,2891
2739,5,7,76,4433
2740,5,7,77,3440
2741,5,7,78,2774
2742,5,7,79,1644
2743,5,7,80,2486
2744,5,7,81,1175
2745,5,7,82,679
2746,5,7,83,2098
2747,5,7,84,1221
2748,5,7,85,2647
2749,5,7,86,1715
2750,5,7,87,1457
2751,5,7,88,1569
2752,5,7,89,1203
2753,5,7,90,560
2754,5,7,91,2831
2755,5,7,92,2306
2756,5,7,93,2756
2757,5,7,94,2504
2758,5,7,95,2392
2759,5,7,ZA,1084
2760,5,7,ZB,1447
2761,5,7,ZC,297
2762,5,7,ZD,3538
2763,5,7,ZM,430
2764,5,7,ZN,565
2765,5,7,ZP,808
2766,5,7,ZS,22
2767,5,7,ZW,98
2768,5,7,ZX,41
2769,5,7,ZZ,1300
2770,5,16,01,5938
2771,5,16,02,5968
2772,5,16,03,8119
2773,5,16,04,2721
2774,5,16,05,1925
2775,5,16,06,8858
2776,5,16,07,5710
2777,5,16,08,3009
2778,5,16,09,2701
2779,5,16,10,3094
2780,5,16,11,5622
2781,5,16,12,4515
2782,5,16,13,24295
2783,5,16,14,8777
2784,5,16,15,2496
2785,5,16,16,5374
2786,5,16,17,10002
2787,5,16,18,5749
2788,5,16,19,6292
2789,5,16,2A,1850
2790,5,16,2B,2687
2791,5,16,21,5721
2792,5,16,22,11628
2793,5,16,23,2430
2794,5,16,24,8855
2795,5,16,25,5001
2796,5,16,26,6752
2797,5,16,27,7056
2798,5,16,28,4267
2799,5,16,29,15340
2800,5,16,30,12123
2801,5,16,31,16307
2802,5,16,32,3128
2803,5,16,33,21522
2804,5,16,34,14165
2805,5,16,35,12696
2806,5,16,36,3702
2807,5,16,37,7835
2808,5,16,38,14694
2809,5,16,39,3166
2810,5,16,40,8176
2811,5,16,41,4507
2812,5,16,42,9017
2813,5,16,43,3493
2814,5,16,44,18322
2815,5,16,45,7530
2816,5,16,46,3559
2817,5,16,47,4970
2818,5,16,48,1343
2819,5,16,49,8362
2820,5,16,50,7368
2821,5,16,51,5307
2822,5,16,52,1833
2823,5,16,53,3313
2824,5,16,54,7961
2825,5,16,55,1957
2826,5,16,56,11529
2827,5,16,57,8750
2828,5,16,58,4281
2829,5,16,59,45902
2830,5,16,60,9054
2831,5,16,61,3261
2832,5,16,62,26146
2833,5,16,63,12713
2834,5,16,64,10170
2835,5,16,65,4539
2836,5,16,66,6509
2837,5,16,67,7015
2838,5,16,68,4649
2839,5,16,69,15938
2840,5,16,70,2836
2841,5,16,71,7419
2842,5,16,72,6908
2843,5,16,73,5536
2844,5,16,74,5997
2845,5,16,75,17267
2846,5,16,76,19896
2847,5,16,77,12843
2848,5,16,78,11721
2849,5,16,79,4538
2850,5,16,80,7706
2851,5,16,81,5313
2852,5,16,82,3628
2853,5,16,83,10672
2854,5,16,84,6247
2855,5,16,85,8153
2856,5,16,86,6412
2857,5,16,87,8030
2858,5,16,88,3847
2859,5,16,89,4023
2860,5,16,90,1485
2861,5,16,91,13480
2862,5,16,92,13170
2863,5,16,93,11642
2864,5,16,94,14954
2865,5,16,95,10060
2866,5,16,ZA,668
2867,5,16,ZB,747
2868,5,16,ZC,246
2869,5,16,ZD,3074
2870,5,16,ZM,206
2871,5,16,ZN,399
2872,5,16,ZP,368
2873,5,16,ZS,19
2874,5,16,ZW,34
2875,5,16,ZX,48
2876,5,16,ZZ,3266
2877,5,11,01,92206
2878,5,11,02,58721
2879,5,11,03,49706
2880,5,11,04,20800
2881,5,11,05,20507
2882,5,11,06,139707
2883,5,11,07,45353
2884,5,11,08,31656
2885,5,11,09,18071
2886,5,11,10,38321
2887,5,11,11,43104
2888,5,11,12,47430
2889,5,11,13,229038
2890,5,11,14,120366
2891,5,11,15,25038
2892,5,11,16,53126
2893,5,11,17,113753
2894,5,11,18,43497
2895,5,11,19,33125
2896,5,11,2A,12932
2897,5,11,2B,13773
2898,5,11,21,80734
2899,5,11,22,113656
2900,5,11,23,15542
2901,5,11,24,58532
2902,5,11,25,76338
2903,5,11,26,72228
2904,5,11,27,83058
2905,5,11,28,59869
2906,5,11,29,174894
2907,5,11,30,88278
2908,5,11,31,196712
2909,5,11,32,28970
2910,5,11,33,256179
2911,5,11,34,142306
2912,5,11,35,205882
2913,5,11,36,31498
2914,5,11,37,101503
2915,5,11,38,180533
2916,5,11,39,36139
2917,5,11,40,69459
2918,5,11,41,50480
2919,5,11,42,104003
2920,5,11,43,32417
2921,5,11,44,256609
2922,5,11,45,97004
2923,5,11,46,27311
2924,5,11,47,42568
2925,5,11,48,10739
2926,5,11,49,157063
2927,5,11,50,92642
2928,5,11,51,78472
2929,5,11,52,21886
2930,5,11,53,60755
2931,5,11,54,95252
2932,5,11,55,24539
2933,5,11,56,152740
2934,5,11,57,136366
2935,5,11,58,28686
2936,5,11,59,336138
2937,5,11,60,100043
2938,5,11,61,46005
2939,5,11,62,194610
2940,5,11,63,100134
2941,5,11,64,111610
2942,5,11,65,33692
2943,5,11,66,55169
2944,5,11,67,177069
2945,5,11,68,107248
2946,5,11,69,278243
2947,5,11,70,30204
2948,5,11,71,82633
2949,5,11,72,83876
2950,5,11,73,64689
2951,5,11,74,130422
2952,5,11,75,372820
2953,5,11,76,179698
2954,5,11,77,165208
2955,5,11,78,246062
2956,5,11,79,68446
2957,5,11,80,83107
2958,5,11,81,53925
2959,5,11,82,31737
2960,5,11,83,142335
2961,5,11,84,66885
2962,5,11,85,149587
2963,5,11,86,67831
2964,5,11,87,54951
2965,5,11,88,51432
2966,5,11,89,42617
2967,5,11,90,16768
2968,5,11,91,164503
2969,5,11,92,287494
2970,5,11,93,110118
2971,5,11,94,171409
2972,5,11,95,138166
2973,5,11,ZA,18137
2974,5,11,ZB,20043
2975,5,11,ZC,5101
2976,5,11,ZD,62542
2977,5,11,ZM,5936
2978,5,11,ZN,28561
2979,5,11,ZP,24106
2980,5,11,ZS,534
2981,5,11,ZW,2115
2982,5,11,ZX,2070
2983,5,11,ZZ,224957
2984,5,14,01,10876
2985,5,14,02,6468
2986,5,14,03,7782
2987,5,14,04,4309
2988,5,14,05,3871
2989,5,14,06,12767
2990,5,14,07,9033
2991,5,14,08,4084
2992,5,14,09,7532
2993,5,14,10,3787
2994,5,14,11,12382
2995,5,14,12,14825
2996,5,14,13,24256
2997,5,14,14,9816
2998,5,14,15,6848
2999,5,14,16,8482
3000,5,14,17,14335
3001,5,14,18,5495
3002,5,14,19,10177
3003,5,14,2A,6729
3004,5,14,2B,8601
3005,5,14,21,8183
3006,5,14,22,11949
3007,5,14,23,4275
3008,5,14,24,15850
3009,5,14,25,8688
3010,5,14,26,9945
3011,5,14,27,7768
3012,5,14,28,5694
3013,5,14,29,18320
3014,5,14,30,15162
3015,5,14,31,35479
3016,5,14,32,11720
3017,5,14,33,37725
3018,5,14,34,22068
3019,5,14,35,13985
3020,5,14,36,4984
3021,5,14,37,8520
3022,5,14,38,17025
3023,5,14,39,6218
3024,5,14,40,24308
3025,5,14,41,5483
3026,5,14,42,11928
3027,5,14,43,7817
3028,5,14,44,18298
3029,5,14,45,8483
3030,5,14,46,8032
3031,5,14,47,13600
3032,5,14,48,4722
3033,5,14,49,11036
3034,5,14,50,9421
3035,5,14,51,6921
3036,5,14,52,3327
3037,5,14,53,4673
3038,5,14,54,8739
3039,5,14,55,3500
3040,5,14,56,14399
3041,5,14,57,14163
3042,5,14,58,4106
3043,5,14,59,22459
3044,5,14,60,9179
3045,5,14,61,4895
3046,5,14,62,17010
3047,5,14,63,16136
3048,5,14,64,48246
3049,5,14,65,14761
3050,5,14,66,11690
3051,5,14,67,14652
3052,5,14,68,11063
3053,5,14,69,17572
3054,5,14,70,4820
3055,5,14,71,10186
3056,5,14,72,7546
3057,5,14,73,8081
3058,5,14,74,13371
3059,5,14,75,12139
3060,5,14,76,13588
3061,5,14,77,13797
3062,5,14,78,13687
3063,5,14,79,7014
3064,5,14,80,7371
3065,5,14,81,17010
3066,5,14,82,9573
3067,5,14,83,17784
3068,5,14,84,9843
3069,5,14,85,13039
3070,5,14,86,7741
3071,5,14,87,9973
3072,5,14,88,7203
3073,5,14,89,5356
3074,5,14,90,2000
3075,5,14,91,11610
3076,5,14,92,11260
3077,5,14,93,6805
3078,5,14,94,8944
3079,5,14,95,9101
3080,5,14,ZA,1033
3081,5,14,ZB,1162
3082,5,14,ZC,516
3083,5,14,ZD,4844
3084,5,14,ZM,359
3085,5,14,ZN,1031
3086,5,14,ZP,610
3087,5,14,ZS,108
3088,5,14,ZW,78
3089,5,14,ZX,208
3090,5,14,ZZ,5964
3091,5,4,01,86755
3092,5,4,02,104342
3093,5,4,03,50315
3094,5,4,04,26010
3095,5,4,05,19696
3096,5,4,06,148919
3097,5,4,07,49594
3098,5,4,08,48242
3099,5,4,09,21958
3100,5,4,10,49316
3101,5,4,11,64027
3102,5,4,12,34357
3103,5,4,13,264753
3104,5,4,14,91774
3105,5,4,15,21570
3106,5,4,16,50432
3107,5,4,17,99790
3108,5,4,18,44772
3109,5,4,19,31658
3110,5,4,2A,20139
3111,5,4,2B,21998
3112,5,4,21,69110
3113,5,4,22,79850
3114,5,4,23,16772
3115,5,4,24,63327
3116,5,4,25,66703
3117,5,4,26,70574
3118,5,4,27,102952
3119,5,4,28,61960
3120,5,4,29,100890
3121,5,4,30,121480
3122,5,4,31,133254
3123,5,4,32,26015
3124,5,4,33,191542
3125,5,4,34,165734
3126,5,4,35,101797
3127,5,4,36,34516
3128,5,4,37,70553
3129,5,4,38,154799
3130,5,4,39,38179
3131,5,4,40,58646
3132,5,4,41,50212
3133,5,4,42,97764
3134,5,4,43,38629
3135,5,4,44,135702
3136,5,4,45,85832
3137,5,4,46,21422
3138,5,4,47,50290
3139,5,4,48,10497
3140,5,4,49,89433
3141,5,4,50,69770
3142,5,4,51,83756
3143,5,4,52,34331
3144,5,4,53,37376
3145,5,4,54,97243
3146,5,4,55,34588
3147,5,4,56,102856
3148,5,4,57,159254
3149,5,4,58,32838
3150,5,4,59,373127
3151,5,4,60,132873
3152,5,4,61,41804
3153,5,4,62,305816
3154,5,4,63,78182
3155,5,4,64,69768
3156,5,4,65,29938
3157,5,4,66,87930
3158,5,4,67,145883
3159,5,4,68,106937
3160,5,4,69,150463
3161,5,4,70,46618
3162,5,4,71,81970
3163,5,4,72,82234
3164,5,4,73,56733
3165,5,4,74,87744
3166,5,4,75,58429
3167,5,4,76,177806
3168,5,4,77,155738
3169,5,4,78,101398
3170,5,4,79,47903
3171,5,4,80,98024
3172,5,4,81,56543
3173,5,4,82,42183
3174,5,4,83,183287
3175,5,4,84,89413
3176,5,4,85,97280
3177,5,4,86,54214
3178,5,4,87,45357
3179,5,4,88,65646
3180,5,4,89,55164
3181,5,4,90,19061
3182,5,4,91,105862
3183,5,4,92,64812
3184,5,4,93,64543
3185,5,4,94,69599
3186,5,4,95,91081
3187,5,4,ZA,24204
3188,5,4,ZB,16495
3189,5,4,ZC,6334
3190,5,4,ZD,85770
3191,5,4,ZM,14958
3192,5,4,ZN,13273
3193,5,4,ZP,11705
3194,5,4,ZS,459
3195,5,4,ZW,579
3196,5,4,ZX,1445
3197,5,4,ZZ,26380
3198,5,17,01,27530
3199,5,17,02,18266
3200,5,17,03,12361
3201,5,17,04,7926
3202,5,17,05,6164
3203,5,17,06,78208
3204,5,17,07,14199
3205,5,17,08,8771
3206,5,17,09,5821
3207,5,17,10,11374
3208,5,17,11,18434
3209,5,17,12,10112
3210,5,17,13,108617
3211,5,17,14,22255
3212,5,17,15,4906
3213,5,17,16,10617
3214,5,17,17,24347
3215,5,17,18,10822
3216,5,17,19,8012
3217,5,17,2A,9199
3218,5,17,2B,9657
3219,5,17,21,21651
3220,5,17,22,17319
3221,5,17,23,3501
3222,5,17,24,15800
3223,5,17,25,19486
3224,5,17,26,22010
3225,5,17,27,20930
3226,5,17,28,14803
3227,5,17,29,25607
3228,5,17,30,38479
3229,5,17,31,50613
3230,5,17,32,8396
3231,5,17,33,58321
3232,5,17,34,57751
3233,5,17,35,27463
3234,5,17,36,7438
3235,5,17,37,19931
3236,5,17,38,47450
3237,5,17,39,9657
3238,5,17,40,16817
3239,5,17,41,12703
3240,5,17,42,28706
3241,5,17,43,9529
3242,5,17,44,42761
3243,5,17,45,22878
3244,5,17,46,6123
3245,5,17,47,15646
3246,5,17,48,3148
3247,5,17,49,21704
3248,5,17,50,13990
3249,5,17,51,19501
3250,5,17,52,6450
3251,5,17,53,8042
3252,5,17,54,23518
3253,5,17,55,7347
3254,5,17,56,26595
3255,5,17,57,39369
3256,5,17,58,7378
3257,5,17,59,73168
3258,5,17,60,30333
3259,5,17,61,8910
3260,5,17,62,40764
3261,5,17,63,20624
3262,5,17,64,25877
3263,5,17,65,8714
3264,5,17,66,24782
3265,5,17,67,40458
3266,5,17,68,30284
3267,5,17,69,74168
3268,5,17,70,9675
3269,5,17,71,20686
3270,5,17,72,16218
3271,5,17,73,18045
3272,5,17,74,33353
3273,5,17,75,86088
3274,5,17,76,33361
3275,5,17,77,47893
3276,5,17,78,64407
3277,5,17,79,8803
3278,5,17,80,16885
3279,5,17,81,15982
3280,5,17,82,11772
3281,5,17,83,79329
3282,5,17,84,30473
3283,5,17,85,25663
3284,5,17,86,11939
3285,5,17,87,10796
3286,5,17,88,13184
3287,5,17,89,12941
3288,5,17,90,5583
3289,5,17,91,39284
3290,5,17,92,62761
3291,5,17,93,27969
3292,5,17,94,43430
3293,5,17,95,37564
3294,5,17,ZA,3098
3295,5,17,ZB,3153
3296,5,17,ZC,1573
3297,5,17,ZD,13070
3298,5,17,ZM,482
3299,5,17,ZN,6435
3300,5,17,ZP,4283
3301,5,17,ZS,80
3302,5,17,ZW,118
3303,5,17,ZX,1107
3304,5,17,ZZ,43252
3305,5,5,01,57832
3306,5,5,02,41172
3307,5,5,03,31013
3308,5,5,04,21856
3309,5,5,05,19718
3310,5,5,06,92345
3311,5,5,07,42837
3312,5,5,08,22281
3313,5,5,09,23908
3314,5,5,10,22483
3315,5,5,11,42039
3316,5,5,12,32734
3317,5,5,13,237971
3318,5,5,14,73950
3319,5,5,15,12944
3320,5,5,16,37305
3321,5,5,17,71633
3322,5,5,18,27901
3323,5,5,19,27731
3324,5,5,2A,9330
3325,5,5,2B,10368
3326,5,5,21,53875
3327,5,5,22,74226
3328,5,5,23,13679
3329,5,5,24,50054
3330,5,5,25,55587
3331,5,5,26,65258
3332,5,5,27,55571
3333,5,5,28,40529
3334,5,5,29,116591
3335,5,5,30,88827
3336,5,5,31,188867
3337,5,5,32,21353
3338,5,5,33,194775
3339,5,5,34,154819
3340,5,5,35,132510
3341,5,5,36,20954
3342,5,5,37,68012
3343,5,5,38,153474
3344,5,5,39,28882
3345,5,5,40,44548
3346,5,5,41,30377
3347,5,5,42,78169
3348,5,5,43,24332
3349,5,5,44,187977
3350,5,5,45,63486
3351,5,5,46,25932
3352,5,5,47,34044
3353,5,5,48,9153
3354,5,5,49,80616
3355,5,5,50,46940
3356,5,5,51,42858
3357,5,5,52,13228
3358,5,5,53,25608
3359,5,5,54,73892
3360,5,5,55,13559
3361,5,5,56,84200
3362,5,5,57,100159
3363,5,5,58,19930
3364,5,5,59,279785
3365,5,5,60,79446
3366,5,5,61,22993
3367,5,5,62,124741
3368,5,5,63,74534
3369,5,5,64,76030
3370,5,5,65,26449
3371,5,5,66,51556
3372,5,5,67,105055
3373,5,5,68,66238
3374,5,5,69,229036
3375,5,5,70,21089
3376,5,5,71,52336
3377,5,5,72,54244
3378,5,5,73,49858
3379,5,5,74,78062
3380,5,5,75,317372
3381,5,5,76,136136
3382,5,5,77,170969
3383,5,5,78,168585
3384,5,5,79,39120
3385,5,5,80,52343
3386,5,5,81,48430
3387,5,5,82,27881
3388,5,5,83,89272
3389,5,5,84,63049
3390,5,5,85,60524
3391,5,5,86,49162
3392,5,5,87,43137
3393,5,5,88,32655
3394,5,5,89,31601
3395,5,5,90,14601
3396,5,5,91,167310
3397,5,5,92,199640
3398,5,5,93,266632
3399,5,5,94,192427
3400,5,5,95,175666
3401,5,5,ZA,75862
3402,5,5,ZB,65292
3403,5,5,ZC,18143
3404,5,5,ZD,139604
3405,5,5,ZM,8398
3406,5,5,ZN,9711
3407,5,5,ZP,7990
3408,5,5,ZS,1105
3409,5,5,ZW,501
3410,5,5,ZX,2354
3411,5,5,ZZ,109394
3412,5,18,01,5644
3413,5,18,02,2983
3414,5,18,03,3280
3415,5,18,04,1396
3416,5,18,05,1459
3417,5,18,06,5414
3418,5,18,07,4189
3419,5,18,08,1741
3420,5,18,09,3208
3421,5,18,10,1720
3422,5,18,11,6166
3423,5,18,12,4470
3424,5,18,13,11760
3425,5,18,14,6848
3426,5,18,15,1810
3427,5,18,16,4003
3428,5,18,17,6857
3429,5,18,18,2585
3430,5,18,19,3605
3431,5,18,2A,624
3432,5,18,2B,959
3433,5,18,21,5126
3434,5,18,22,8279
3435,5,18,23,1641
3436,5,18,24,5362
3437,5,18,25,4902
3438,5,18,26,5311
3439,5,18,27,4027
3440,5,18,28,3076
3441,5,18,29,13077
3442,5,18,30,6585
3443,5,18,31,19658
3444,5,18,32,3861
3445,5,18,33,19598
3446,5,18,34,12150
3447,5,18,35,13973
3448,5,18,36,2464
3449,5,18,37,6216
3450,5,18,38,12736
3451,5,18,39,2635
3452,5,18,40,9071
3453,5,18,41,3165
3454,5,18,42,6970
3455,5,18,43,2491
3456,5,18,44,18369
3457,5,18,45,5656
3458,5,18,46,2766
3459,5,18,47,3357
3460,5,18,48,1045
3461,5,18,49,8801
3462,5,18,50,5853
3463,5,18,51,3542
3464,5,18,52,1305
3465,5,18,53,3468
3466,5,18,54,6362
3467,5,18,55,1483
3468,5,18,56,8267
3469,5,18,57,7534
3470,5,18,58,2160
3471,5,18,59,18215
3472,5,18,60,4251
3473,5,18,61,2368
3474,5,18,62,11619
3475,5,18,63,8216
3476,5,18,64,9276
3477,5,18,65,3315
3478,5,18,66,5013
3479,5,18,67,8348
3480,5,18,68,4881
3481,5,18,69,15895
3482,5,18,70,2345
3483,5,18,71,6037
3484,5,18,72,5409
3485,5,18,73,4418
3486,5,18,74,6606
3487,5,18,75,22901
3488,5,18,76,11139
3489,5,18,77,7853
3490,5,18,78,9046
3491,5,18,79,4340
3492,5,18,80,3746
3493,5,18,81,5818
3494,5,18,82,3069
3495,5,18,83,5703
3496,5,18,84,3769
3497,5,18,85,7244
3498,5,18,86,4542
3499,5,18,87,5654
3500,5,18,88,3114
3501,5,18,89,2286
3502,5,18,90,1052
3503,5,18,91,7944
3504,5,18,92,10518
3505,5,18,93,5890
3506,5,18,94,8276
3507,5,18,95,6094
3508,5,18,ZA,2266
3509,5,18,ZB,3935
3510,5,18,ZC,535
3511,5,18,ZD,5549
3512,5,18,ZM,318
3513,5,18,ZN,963
3514,5,18,ZP,865
3515,5,18,ZS,75
3516,5,18,ZW,118
3517,5,18,ZX,92
3518,5,18,ZZ,12489
3519,5,19,01,15843
3520,5,19,02,7074
3521,5,19,03,5982
3522,5,19,04,3957
3523,5,19,05,5013
3524,5,19,06,23374
3525,5,19,07,8544
3526,5,19,08,3446
3527,5,19,09,3020
3528,5,19,10,4619
3529,5,19,11,6322
3530,5,19,12,6746
3531,5,19,13,42109
3532,5,19,14,19621
3533,5,19,15,2751
3534,5,19,16,7557
3535,5,19,17,19012
3536,5,19,18,5028
3537,5,19,19,5040
3538,5,19,2A,2266
3539,5,19,2B,2520
3540,5,19,21,13462
3541,5,19,22,19349
3542,5,19,23,1906
3543,5,19,24,8563
3544,5,19,25,13096
3545,5,19,26,14234
3546,5,19,27,11477
3547,5,19,28,7904
3548,5,19,29,33200
3549,5,19,30,14974
3550,5,19,31,42599
3551,5,19,32,4090
3552,5,19,33,46677
3553,5,19,34,28057
3554,5,19,35,42613
3555,5,19,36,3726
3556,5,19,37,16245
3557,5,19,38,40378
3558,5,19,39,6388
3559,5,19,40,8628
3560,5,19,41,7097
3561,5,19,42,16656
3562,5,19,43,5796
3563,5,19,44,60072
3564,5,19,45,14401
3565,5,19,46,4603
3566,5,19,47,5686
3567,5,19,48,1736
3568,5,19,49,26635
3569,5,19,50,11873
3570,5,19,51,9561
3571,5,19,52,2580
3572,5,19,53,7934
3573,5,19,54,14588
3574,5,19,55,3130
3575,5,19,56,27036
3576,5,19,57,18931
3577,5,19,58,3552
3578,5,19,59,46962
3579,5,19,60,13785
3580,5,19,61,5513
3581,5,19,62,19295
3582,5,19,63,17029
3583,5,19,64,19967
3584,5,19,65,4872
3585,5,19,66,8588
3586,5,19,67,28573
3587,5,19,68,18963
3588,5,19,69,51907
3589,5,19,70,4292
3590,5,19,71,10730
3591,5,19,72,13541
3592,5,19,73,15642
3593,5,19,74,29948
3594,5,19,75,80268
3595,5,19,76,24785
3596,5,19,77,26718
3597,5,19,78,40470
3598,5,19,79,10074
3599,5,19,80,8048
3600,5,19,81,8680
3601,5,19,82,4835
3602,5,19,83,21044
3603,5,19,84,12128
3604,5,19,85,19753
3605,5,19,86,10727
3606,5,19,87,7877
3607,5,19,88,7562
3608,5,19,89,5917
3609,5,19,90,2798
3610,5,19,91,29562
3611,5,19,92,47103
3612,5,19,93,19352
3613,5,19,94,31904
3614,5,19,95,20710
3615,5,19,ZA,1927
3616,5,19,ZB,1978
3617,5,19,ZC,940
3618,5,19,ZD,7994
3619,5,19,ZM,295
3620,5,19,ZN,2161
3621,5,19,ZP,2150
3622,5,19,ZS,116
3623,5,19,ZW,72
3624,5,19,ZX,247
3625,5,19,ZZ,40774
3626,5,20,01,17572
3627,5,20,02,10920
3628,5,20,03,10319
3629,5,20,04,3834
3630,5,20,05,4511
3631,5,20,06,31260
3632,5,20,07,9553
3633,5,20,08,5556
3634,5,20,09,2724
3635,5,20,10,8923
3636,5,20,11,7350
3637,5,20,12,9988
3638,5,20,13,36229
3639,5,20,14,18383
3640,5,20,15,6987
3641,5,20,16,8343
3642,5,20,17,19316
3643,5,20,18,8147
3644,5,20,19,12278
3645,5,20,2A,3772
3646,5,20,2B,5555
3647,5,20,21,14344
3648,5,20,22,17235
3649,5,20,23,4391
3650,5,20,24,11280
3651,5,20,25,15107
3652,5,20,26,13204
3653,5,20,27,13552
3654,5,20,28,13003
3655,5,20,29,26541
3656,5,20,30,15460
3657,5,20,31,27153
3658,5,20,32,5126
3659,5,20,33,37575
3660,5,20,34,23230
3661,5,20,35,26194
3662,5,20,36,6589
3663,5,20,37,16279
3664,5,20,38,28575
3665,5,20,39,7424
3666,5,20,40,10393
3667,5,20,41,9586
3668,5,20,42,18539
3669,5,20,43,9560
3670,5,20,44,37541
3671,5,20,45,18086
3672,5,20,46,5648
3673,5,20,47,7703
3674,5,20,48,3039
3675,5,20,49,21538
3676,5,20,50,14746
3677,5,20,51,14357
3678,5,20,52,4841
3679,5,20,53,9236
3680,5,20,54,13387
3681,5,20,55,4403
3682,5,20,56,22838
3683,5,20,57,19300
3684,5,20,58,5172
3685,5,20,59,42470
3686,5,20,60,17450
3687,5,20,61,8838
3688,5,20,62,25307
3689,5,20,63,17352
3690,5,20,64,17166
3691,5,20,65,4560
3692,5,20,66,8815
3693,5,20,67,24812
3694,5,20,68,15994
3695,5,20,69,50263
3696,5,20,70,6754
3697,5,20,71,15210
3698,5,20,72,15937
3699,5,20,73,13608
3700,5,20,74,22349
3701,5,20,75,69564
3702,5,20,76,24281
3703,5,20,77,36828
3704,5,20,78,61296
3705,5,20,79,9257
3706,5,20,80,11380
3707,5,20,81,10014
3708,5,20,82,5994
3709,5,20,83,28342
3710,5,20,84,11918
3711,5,20,85,22534
3712,5,20,86,9959
3713,5,20,87,9544
3714,5,20,88,9344
3715,5,20,89,9322
3716,5,20,90,3322
3717,5,20,91,33046
3718,5,20,92,62231
3719,5,20,93,17481
3720,5,20,94,32522
3721,5,20,95,26403
3722,5,20,ZA,3979
3723,5,20,ZB,4731
3724,5,20,ZC,997
3725,5,20,ZD,9738
3726,5,20,ZM,2810
3727,5,20,ZN,4144
3728,5,20,ZP,4725
3729,5,20,ZS,51
3730,5,20,ZW,1354
3731,5,20,ZX,354
3732,5,20,ZZ,20956
3733,5,6,01,2172
3734,5,6,02,2118
3735,5,6,03,1503
3736,5,6,04,865
3737,5,6,05,801
3738,5,6,06,2989
3739,5,6,07,1817
3740,5,6,08,1112
3741,5,6,09,723
3742,5,6,10,1062
3743,5,6,11,1748
3744,5,6,12,1354
3745,5,6,13,5963
3746,5,6,14,3764
3747,5,6,15,650
3748,5,6,16,1763
3749,5,6,17,3403
3750,5,6,18,1463
3751,5,6,19,1179
3752,5,6,2A,608
3753,5,6,2B,762
3754,5,6,21,2286
3755,5,6,22,3895
3756,5,6,23,665
3757,5,6,24,2223
3758,5,6,25,2345
3759,5,6,26,2109
3760,5,6,27,2710
3761,5,6,28,1766
3762,5,6,29,6266
3763,5,6,30,2706
3764,5,6,31,4888
3765,5,6,32,793
3766,5,6,33,8734
3767,5,6,34,4393
3768,5,6,35,5376
3769,5,6,36,1155
3770,5,6,37,2882
3771,5,6,38,4826
3772,5,6,39,1343
3773,5,6,40,1975
3774,5,6,41,1527
3775,5,6,42,2767
3776,5,6,43,1205
3777,5,6,44,7280
3778,5,6,45,2433
3779,5,6,46,976
3780,5,6,47,1437
3781,5,6,48,426
3782,5,6,49,3663
3783,5,6,50,2720
3784,5,6,51,1894
3785,5,6,52,747
3786,5,6,53,1372
3787,5,6,54,3214
3788,5,6,55,883
3789,5,6,56,4376
3790,5,6,57,4343
3791,5,6,58,1010
3792,5,6,59,8265
3793,5,6,60,3048
3794,5,6,61,1334
3795,5,6,62,5488
3796,5,6,63,3189
3797,5,6,64,4982
3798,5,6,65,1003
3799,5,6,66,1995
3800,5,6,67,4158
3801,5,6,68,2842
3802,5,6,69,5267
3803,5,6,70,1295
3804,5,6,71,2369
3805,5,6,72,2505
3806,5,6,73,1849
3807,5,6,74,3232
3808,5,6,75,5732
3809,5,6,76,5477
3810,5,6,77,4600
3811,5,6,78,3963
3812,5,6,79,2134
3813,5,6,80,2206
3814,5,6,81,1829
3815,5,6,82,1057
3816,5,6,83,3578
3817,5,6,84,2023
3818,5,6,85,3621
3819,5,6,86,2315
3820,5,6,87,1787
3821,5,6,88,1986
3822,5,6,89,1487
3823,5,6,90,603
3824,5,6,91,4306
3825,5,6,92,3704
3826,5,6,93,3663
3827,5,6,94,3730
3828,5,6,95,3352
3829,5,6,ZA,713
3830,5,6,ZB,977
3831,5,6,ZC,462
3832,5,6,ZD,2705
3833,5,6,ZM,328
3834,5,6,ZN,560
3835,5,6,ZP,451
3836,5,6,ZS,50
3837,5,6,ZW,48
3838,5,6,ZX,63
3839,5,6,ZZ,3145
3840,5,10,01,8998
3841,5,10,02,5790
3842,5,10,03,4216
3843,5,10,04,2504
3844,5,10,05,2142
3845,5,10,06,13307
3846,5,10,07,4927
3847,5,10,08,2957
3848,5,10,09,1621
3849,5,10,10,3966
3850,5,10,11,4206
3851,5,10,12,3477
3852,5,10,13,20051
3853,5,10,14,7920
3854,5,10,15,1547
3855,5,10,16,4345
3856,5,10,17,9289
3857,5,10,18,3770
3858,5,10,19,2618
3859,5,10,2A,1215
3860,5,10,2B,1374
3861,5,10,21,6478
3862,5,10,22,6404
3863,5,10,23,1556
3864,5,10,24,5416
3865,5,10,25,7775
3866,5,10,26,7758
3867,5,10,27,7563
3868,5,10,28,5731
3869,5,10,29,8566
3870,5,10,30,8137
3871,5,10,31,12443
3872,5,10,32,2418
3873,5,10,33,15693
3874,5,10,34,11475
3875,5,10,35,10560
3876,5,10,36,2886
3877,5,10,37,7271
3878,5,10,38,14327
3879,5,10,39,4143
3880,5,10,40,4914
3881,5,10,41,4427
3882,5,10,42,9029
3883,5,10,43,3366
3884,5,10,44,14779
3885,5,10,45,7674
3886,5,10,46,2400
3887,5,10,47,3912
3888,5,10,48,913
3889,5,10,49,9420
3890,5,10,50,6886
3891,5,10,51,6159
3892,5,10,52,2584
3893,5,10,53,3858
3894,5,10,54,7271
3895,5,10,55,2422
3896,5,10,56,9586
3897,5,10,57,12651
3898,5,10,58,2495
3899,5,10,59,20617
3900,5,10,60,9393
3901,5,10,61,3826
3902,5,10,62,13970
3903,5,10,63,6922
3904,5,10,64,6721
3905,5,10,65,2409
3906,5,10,66,5209
3907,5,10,67,17009
3908,5,10,68,13745
3909,5,10,69,16487
3910,5,10,70,3640
3911,5,10,71,7745
3912,5,10,72,6494
3913,5,10,73,6694
3914,5,10,74,14175
3915,5,10,75,9591
3916,5,10,76,12365
3917,5,10,77,15042
3918,5,10,78,13097
3919,5,10,79,4531
3920,5,10,80,5616
3921,5,10,81,5123
3922,5,10,82,3412
3923,5,10,83,15286
3924,5,10,84,6896
3925,5,10,85,9664
3926,5,10,86,5095
3927,5,10,87,3555
3928,5,10,88,6152
3929,5,10,89,4594
3930,5,10,90,1821
3931,5,10,91,15203
3932,5,10,92,9743
3933,5,10,93,6300
3934,5,10,94,9359
3935,5,10,95,8996
3936,5,10,ZA,2114
3937,5,10,ZB,2989
3938,5,10,ZC,717
3939,5,10,ZD,8338
3940,5,10,ZM,530
3941,5,10,ZN,2697
3942,5,10,ZP,1969
3943,5,10,ZS,82
3944,5,10,ZW,244
3945,5,10,ZX,339
3946,5,10,ZZ,7074
3947,6,11,01,166635
3948,6,11,02,102428
3949,6,11,03,87645
3950,6,11,04,41659
3951,6,11,05,42213
3952,6,11,06,261989
3953,6,11,07,90053
3954,6,11,08,55093
3955,6,11,09,39298
3956,6,11,10,68840
3957,6,11,11,85465
3958,6,11,12,89955
3959,6,11,13,481129
3960,6,11,14,218579
3961,6,11,15,45015
3962,6,11,16,95656
3963,6,11,17,201159
3964,6,11,18,77739
3965,6,11,19,68272
3966,6,11,2A,26144
3967,6,11,2B,29951
3968,6,11,21,144545
3969,6,11,22,209721
3970,6,11,23,30554
3971,6,11,24,111182
3972,6,11,25,141917
3973,6,11,26,143697
3974,6,11,27,146751
3975,6,11,28,109744
3976,6,11,29,332396
3977,6,11,30,177669
3978,6,11,31,409622
3979,6,11,32,55559
3980,6,11,33,484771
3981,6,11,34,297066
3982,6,11,35,390330
3983,6,11,36,57558
3984,6,11,37,188421
3985,6,11,38,359596
3986,6,11,39,68846
3987,6,11,40,128363
3988,6,11,41,91360
3989,6,11,42,194879
3990,6,11,43,62372
3991,6,11,44,505179
3992,6,11,45,180882
3993,6,11,46,55130
3994,6,11,47,81013
3995,6,11,48,22067
3996,6,11,49,274813
3997,6,11,50,159815
3998,6,11,51,136025
3999,6,11,52,38230
4000,6,11,53,102263
4001,6,11,54,179237
4002,6,11,55,41930
4003,6,11,56,269755
4004,6,11,57,249556
4005,6,11,58,50556
4006,6,11,59,633569
4007,6,11,60,182791
4008,6,11,61,79275
4009,6,11,62,323661
4010,6,11,63,188468
4011,6,11,64,219719
4012,6,11,65,65085
4013,6,11,66,105893
4014,6,11,67,319370
4015,6,11,68,191814
4016,6,11,69,550592
4017,6,11,70,53098
4018,6,11,71,144990
4019,6,11,72,154909
4020,6,11,73,125676
4021,6,11,74,236764
4022,6,11,75,808107
4023,6,11,76,332146
4024,6,11,77,328698
4025,6,11,78,464913
4026,6,11,79,117804
4027,6,11,80,140763
4028,6,11,81,106768
4029,6,11,82,62503
4030,6,11,83,252720
4031,6,11,84,134476
4032,6,11,85,244494
4033,6,11,86,125138
4034,6,11,87,103329
4035,6,11,88,91542
4036,6,11,89,78038
4037,6,11,90,31987
4038,6,11,91,338569
4039,6,11,92,552124
4040,6,11,93,326057
4041,6,11,94,376204
4042,6,11,95,299829
4043,6,11,ZA,40229
4044,6,11,ZB,46918
4045,6,11,ZC,13834
4046,6,11,ZD,147297
4047,6,11,ZM,15708
4048,6,11,ZN,43795
4049,6,11,ZP,42890
4050,6,11,ZS,1243
4051,6,11,ZW,3831
4052,6,11,ZX,3850
4053,6,11,ZZ,458874
4054,6,4,01,136370
4055,6,4,02,153069
4056,6,4,03,79762
4057,6,4,04,44139
4058,6,4,05,34446
4059,6,4,06,260629
4060,6,4,07,81705
4061,6,4,08,72040
4062,6,4,09,37616
4063,6,4,10,73625
4064,6,4,11,104038
4065,6,4,12,59790
4066,6,4,13,442759
4067,6,4,14,143960
4068,6,4,15,35261
4069,6,4,16,78087
4070,6,4,17,156020
4071,6,4,18,70160
4072,6,4,19,54131
4073,6,4,2A,36584
4074,6,4,2B,41137
4075,6,4,21,107866
4076,6,4,22,123689
4077,6,4,23,28153
4078,6,4,24,104687
4079,6,4,25,106348
4080,6,4,26,114217
4081,6,4,27,155086
4082,6,4,28,96185
4083,6,4,29,160073
4084,6,4,30,193666
4085,6,4,31,226250
4086,6,4,32,44188
4087,6,4,33,305112
4088,6,4,34,267908
4089,6,4,35,159930
4090,6,4,36,54429
4091,6,4,37,112019
4092,6,4,38,241584
4093,6,4,39,60884
4094,6,4,40,98682
4095,6,4,41,78434
4096,6,4,42,149174
4097,6,4,43,61980
4098,6,4,44,221934
4099,6,4,45,133331
4100,6,4,46,38032
4101,6,4,47,82619
4102,6,4,48,18647
4103,6,4,49,138261
4104,6,4,50,108294
4105,6,4,51,125046
4106,6,4,52,50586
4107,6,4,53,57006
4108,6,4,54,150177
4109,6,4,55,52499
4110,6,4,56,159717
4111,6,4,57,244993
4112,6,4,58,50779
4113,6,4,59,565618
4114,6,4,60,203866
4115,6,4,61,64551
4116,6,4,62,437820
4117,6,4,63,124825
4118,6,4,64,128742
4119,6,4,65,52182
4120,6,4,66,136610
4121,6,4,67,221958
4122,6,4,68,170781
4123,6,4,69,251470
4124,6,4,70,70052
4125,6,4,71,126860
4126,6,4,72,124658
4127,6,4,73,92337
4128,6,4,74,147032
4129,6,4,75,141405
4130,6,4,76,268699
4131,6,4,77,248317
4132,6,4,78,189475
4133,6,4,79,71801
4134,6,4,80,146537
4135,6,4,81,94441
4136,6,4,82,67770
4137,6,4,83,310137
4138,6,4,84,145707
4139,6,4,85,150772
4140,6,4,86,83024
4141,6,4,87,71263
4142,6,4,88,100853
4143,6,4,89,83170
4144,6,4,90,30202
4145,6,4,91,178908
4146,6,4,92,134685
4147,6,4,93,116225
4148,6,4,94,128873
4149,6,4,95,153446
4150,6,4,ZA,92106
4151,6,4,ZB,73000
4152,6,4,ZC,21437
4153,6,4,ZD,216967
4154,6,4,ZM,22694
4155,6,4,ZN,27960
4156,6,4,ZP,39913
4157,6,4,ZS,1278
4158,6,4,ZW,1849
4159,6,4,ZX,4787
4160,6,4,ZZ,73830
